stim,leak_rate1,leak_rate2,RMSE,NRMSE,csv_seed,reservoir_seed
10-6,0.1,0.1,0.05099233708417584,0.25209449990416405,116,721
10-6,0.1,0.3,0.06921305691024575,0.3421735885496697,116,721
10-6,0.1,0.5,0.07001443020886228,0.3461353956074203,116,721
10-6,0.1,0.7,0.0707640164248516,0.34984117912432294,116,721
10-6,0.1,0.9,0.07141132370943198,0.35304131890064344,116,721
10-6,0.3,0.1,0.06488239146550345,0.3207637649963314,116,721
10-6,0.3,0.3,0.10137868403960582,0.5011931226395514,116,721
10-6,0.3,0.5,0.10434886804569918,0.5158770358401451,116,721
10-6,0.3,0.7,0.10424332594297361,0.5153552597238334,116,721
10-6,0.3,0.9,0.1043483672395068,0.5158745599683997,116,721
10-6,0.5,0.1,0.06641069610906834,0.3283193550487094,116,721
10-6,0.5,0.3,0.09733136825635977,0.481184115273457,116,721
10-6,0.5,0.5,0.09464491098257306,0.4679028824123076,116,721
10-6,0.5,0.7,0.09672846417987814,0.4782034948441576,116,721
10-6,0.5,0.9,0.09704824767830286,0.4797844316225584,116,721
10-6,0.7,0.1,0.06761651602666498,0.33428065406897606,116,721
10-6,0.7,0.3,0.09740771372013386,0.4815615498569771,116,721
10-6,0.7,0.5,0.09403598025592873,0.4648924675973075,116,721
10-6,0.7,0.7,0.10188915417704089,0.5037167707280922,116,721
10-6,0.7,0.9,0.1061814186394348,0.5249367485713786,116,721
10-6,0.9,0.1,0.0684468539418053,0.338385655593484,116,721
10-6,0.9,0.3,0.09759180178025842,0.4824716392960789,116,721
10-6,0.9,0.5,0.09427856507047795,0.46609175166634675,116,721
10-6,0.9,0.7,0.10278259468884465,0.5081337371174829,116,721
10-6,0.9,0.9,0.11269557682872627,0.5571412629146849,116,721
10-6,0.1,0.1,0.0463710204298888,0.22924776297312022,116,722
10-6,0.1,0.3,0.06379148894211016,0.3153705913980112,116,722
10-6,0.1,0.5,0.06596808345564285,0.3261311789050594,116,722
10-6,0.1,0.7,0.06761441753652114,0.33427027961168276,116,722
10-6,0.1,0.9,0.06865424687439188,0.3394109590138345,116,722
10-6,0.3,0.1,0.05949273416244877,0.2941185269044685,116,722
10-6,0.3,0.3,0.10279550497404286,0.508197562626898,116,722
10-6,0.3,0.5,0.09815490203601894,0.4852554787019395,116,722
10-6,0.3,0.7,0.09791354755359274,0.48406227711468097,116,722
10-6,0.3,0.9,0.09796409319650953,0.48431216326036614,116,722
10-6,0.5,0.1,0.06073622185602926,0.3002660468295248,116,722
10-6,0.5,0.3,0.09553407750650057,0.4722987191791341,116,722
10-6,0.5,0.5,0.09509304138721907,0.47011833706120115,116,722
10-6,0.5,0.7,0.09433241912486447,0.46635799384477383,116,722
10-6,0.5,0.9,0.09433840478316834,0.46638758557606125,116,722
10-6,0.7,0.1,0.06175385601590935,0.3052969983271367,116,722
10-6,0.7,0.3,0.09518899371413977,0.47059270351021854,116,722
10-6,0.7,0.5,0.09480218848856557,0.4686804265784812,116,722
10-6,0.7,0.7,0.09998994463804278,0.4943275113545397,116,722
10-6,0.7,0.9,0.10264040133100075,0.5074307655440056,116,722
10-6,0.9,0.1,0.062481787496060336,0.30889572576240276,116,722
10-6,0.9,0.3,0.09535273661808662,0.47140221113124,116,722
10-6,0.9,0.5,0.09500264930137965,0.46967145917762104,116,722
10-6,0.9,0.7,0.10463134765403405,0.5172735506827332,116,722
10-6,0.9,0.9,0.11232101060593788,0.5552894928250153,116,722
10-6,0.1,0.1,0.05273331070102367,0.2607014769203596,116,723
10-6,0.1,0.3,0.06080816191161829,0.30062170207840766,116,723
10-6,0.1,0.5,0.061251575073978944,0.30281383575589943,116,723
10-6,0.1,0.7,0.061755619503920514,0.30530571661019024,116,723
10-6,0.1,0.9,0.06232843403495786,0.308137581180377,116,723
10-6,0.3,0.1,0.06942970382276677,0.3432446415390161,116,723
10-6,0.3,0.3,0.10531994029399361,0.5206777958523895,116,723
10-6,0.3,0.5,0.09960267647632026,0.492412945771929,116,723
10-6,0.3,0.7,0.09684815544654976,0.47879522120423146,116,723
10-6,0.3,0.9,0.09639756498909521,0.47656760461458425,116,723
10-6,0.5,0.1,0.07134769385072692,0.3527267473723225,116,723
10-6,0.5,0.3,0.09902782625573411,0.4895710172162866,116,723
10-6,0.5,0.5,0.09632458771847692,0.47620682161084543,116,723
10-6,0.5,0.7,0.09606372070036594,0.47491715449157573,116,723
10-6,0.5,0.9,0.09550149996293103,0.4721376632239871,116,723
10-6,0.7,0.1,0.07098291960075276,0.35092338656590655,116,723
10-6,0.7,0.3,0.09935726542238023,0.49119968941908054,116,723
10-6,0.7,0.5,0.09706895281514458,0.47988679310304794,116,723
10-6,0.7,0.7,0.10303018238275682,0.5093577542825755,116,723
10-6,0.7,0.9,0.10477174660140479,0.5179676510995481,116,723
10-6,0.9,0.1,0.0713625610827851,0.3528002475812751,116,723
10-6,0.9,0.3,0.09972342403565329,0.4930098942023267,116,723
10-6,0.9,0.5,0.09856007061167082,0.48725853985379913,116,723
10-6,0.9,0.7,0.10544300044256537,0.5212861771972398,116,723
10-6,0.9,0.9,0.11439663673249748,0.5655509156246663,116,723
10-6,0.1,0.1,0.05671693603296569,0.2803956132021251,116,724
10-6,0.1,0.3,0.07011861165250756,0.3466504449351594,116,724
10-6,0.1,0.5,0.07084097764609791,0.3502216578725332,116,724
10-6,0.1,0.7,0.07094608417348316,0.35074128060357435,116,724
10-6,0.1,0.9,0.07115763571814314,0.3517871432547992,116,724
10-6,0.3,0.1,0.09017822072865472,0.44582058318508155,116,724
10-6,0.3,0.3,0.09572588108900937,0.4732469524035216,116,724
10-6,0.3,0.5,0.10002782120443235,0.4945147644715384,116,724
10-6,0.3,0.7,0.09985483852267177,0.493659577493571,116,724
10-6,0.3,0.9,0.09964989210788712,0.4926463690999843,116,724
10-6,0.5,0.1,0.09240124621574297,0.4568107148497005,116,724
10-6,0.5,0.3,0.091950225970278,0.4545809734860235,116,724
10-6,0.5,0.5,0.09469266114521648,0.46813894834025405,116,724
10-6,0.5,0.7,0.09821471546016514,0.48555118264707936,116,724
10-6,0.5,0.9,0.0992881043506864,0.49085777283360005,116,724
10-6,0.7,0.1,0.09417456159197167,0.4655775821577193,116,724
10-6,0.7,0.3,0.0925519906112607,0.457555960805748,116,724
10-6,0.7,0.5,0.09703777022840378,0.4797326334967298,116,724
10-6,0.7,0.7,0.10210465947244418,0.5047821798224372,116,724
10-6,0.7,0.9,0.10639008582854892,0.525968351625761,116,724
10-6,0.9,0.1,0.09459631885905409,0.46766265402156776,116,724
10-6,0.9,0.3,0.09271444710191018,0.4583591086924366,116,724
10-6,0.9,0.5,0.09817404992668863,0.4853501415120521,116,724
10-6,0.9,0.7,0.1036475832374225,0.5124100434812529,116,724
10-6,0.9,0.9,0.1123428700434064,0.555397560904886,116,724
10-6,0.1,0.1,0.055602619363492464,0.2748866853986787,116,725
10-6,0.1,0.3,0.09159275639089555,0.45281372530721165,116,725
10-6,0.1,0.5,0.09329142402864904,0.46121155119889334,116,725
10-6,0.1,0.7,0.0941893102570267,0.4656504961984146,116,725
10-6,0.1,0.9,0.09447638023870109,0.46706970480123344,116,725
10-6,0.3,0.1,0.057281866778785814,0.2831885021339055,116,725
10-6,0.3,0.3,0.08726508882419108,0.4314187225800589,116,725
10-6,0.3,0.5,0.09071466206077913,0.44847262694464857,116,725
10-6,0.3,0.7,0.09277682774259868,0.4586675043714209,116,725
10-6,0.3,0.9,0.0931623138777245,0.46057326002043364,116,725
10-6,0.5,0.1,0.058270839179208445,0.28807775642111355,116,725
10-6,0.5,0.3,0.0850017965512789,0.4202295210979834,116,725
10-6,0.5,0.5,0.09562037231025315,0.47272534103332414,116,725
10-6,0.5,0.7,0.09687458318086802,0.478925873903196,116,725
10-6,0.5,0.9,0.09849848541114133,0.4869540766497818,116,725
10-6,0.7,0.1,0.058666556268931386,0.2900340915793268,116,725
10-6,0.7,0.3,0.08574102235591029,0.4238840851009468,116,725
10-6,0.7,0.5,0.09802403008717715,0.4846084775958656,116,725
10-6,0.7,0.7,0.10050770299524071,0.49688719074153365,116,725
10-6,0.7,0.9,0.10190704859028084,0.5038052366312995,116,725
10-6,0.9,0.1,0.058841855355050404,0.29090073033282976,116,725
10-6,0.9,0.3,0.08554663785771435,0.42292309241726306,116,725
10-6,0.9,0.5,0.09837348592184716,0.48633610764612795,116,725
10-6,0.9,0.7,0.10399737665029889,0.5141393424412766,116,725
10-6,0.9,0.9,0.10976252965341336,0.5426409457467298,116,725
10-6,0.1,0.1,0.048746878803407785,0.24099346561716034,126,721
10-6,0.1,0.3,0.07461303136404276,0.36886983228484194,126,721
10-6,0.1,0.5,0.07467024954289142,0.36915270592835564,126,721
10-6,0.1,0.7,0.07512146938200248,0.37138343403755697,126,721
10-6,0.1,0.9,0.07546584506723446,0.3730859489861148,126,721
10-6,0.3,0.1,0.06175762982588826,0.3053156551841032,126,721
10-6,0.3,0.3,0.10120720037797111,0.5003453464756511,126,721
10-6,0.3,0.5,0.10442688530414661,0.5162627353957417,126,721
10-6,0.3,0.7,0.1043316171387057,0.5157917512852475,126,721
10-6,0.3,0.9,0.10443679497000116,0.5163117265265796,126,721
10-6,0.5,0.1,0.06341029409165515,0.31348605088297526,126,721
10-6,0.5,0.3,0.09760011749348972,0.48251275028820567,126,721
10-6,0.5,0.5,0.09475171512166722,0.4684308977489687,126,721
10-6,0.5,0.7,0.09684332134954897,0.47877132252973276,126,721
10-6,0.5,0.9,0.0971998669760887,0.48053400289614107,126,721
10-6,0.7,0.1,0.0650031960484699,0.3213609953385843,126,721
10-6,0.7,0.3,0.09761123096082044,0.48256769273934913,126,721
10-6,0.7,0.5,0.09409838853905535,0.46520099993420966,126,721
10-6,0.7,0.7,0.10196602669411876,0.504096810943098,126,721
10-6,0.7,0.9,0.10633597237450725,0.5257008270345228,126,721
10-6,0.9,0.1,0.06588207859397624,0.32570599045850157,126,721
10-6,0.9,0.3,0.09776853219026854,0.4833453541888836,126,721
10-6,0.9,0.5,0.09427904983212411,0.4660941482175101,126,721
10-6,0.9,0.7,0.10275763340008737,0.5080103341913561,126,721
10-6,0.9,0.9,0.11278148752756163,0.5575659858416526,126,721
10-6,0.1,0.1,0.043405286949652705,0.21458585215865852,126,722
10-6,0.1,0.3,0.06053273727204294,0.29926006539444056,126,722
10-6,0.1,0.5,0.06286501990198991,0.3107903394876063,126,722
10-6,0.1,0.7,0.06488181106625564,0.3207608956346491,126,722
10-6,0.1,0.9,0.06604102074526684,0.3264917642518689,126,722
10-6,0.3,0.1,0.0596745616278268,0.2950174404780443,126,722
10-6,0.3,0.3,0.10245277998106095,0.5065032083248425,126,722
10-6,0.3,0.5,0.09813013252168426,0.48513302386487717,126,722
10-6,0.3,0.7,0.09806219325689515,0.48479714761443987,126,722
10-6,0.3,0.9,0.0980797566204622,0.48488397688346835,126,722
10-6,0.5,0.1,0.06053102640954183,0.29925160727992206,126,722
10-6,0.5,0.3,0.09511041177320122,0.4702042122930048,126,722
10-6,0.5,0.5,0.09504104697730698,0.4698612885414802,126,722
10-6,0.5,0.7,0.09438908435502988,0.46663813383594394,126,722
10-6,0.5,0.9,0.09435322956721029,0.46646087593169006,126,722
10-6,0.7,0.1,0.061530223801798775,0.30419141159778945,126,722
10-6,0.7,0.3,0.09475010281400283,0.4684229268671149,126,722
10-6,0.7,0.5,0.09481737800240894,0.46875552007517285,126,722
10-6,0.7,0.7,0.1000149657933563,0.4944512102472845,126,722
10-6,0.7,0.9,0.10269839163522129,0.5077174563994891,126,722
10-6,0.9,0.1,0.062278823007345864,0.3078923155598793,126,722
10-6,0.9,0.3,0.09487849810541293,0.46905768394296043,126,722
10-6,0.9,0.5,0.09507343704816032,0.4700214176742194,126,722
10-6,0.9,0.7,0.10473983750390985,0.5178098997895405,126,722
10-6,0.9,0.9,0.11234469919622171,0.5554066038197747,126,722
10-6,0.1,0.1,0.05138532788323519,0.25403735690230994,126,723
10-6,0.1,0.3,0.06032745311091596,0.29824518725986665,126,723
10-6,0.1,0.5,0.06095916781629882,0.30136824087619163,126,723
10-6,0.1,0.7,0.06151088543872472,0.304095807135494,126,723
10-6,0.1,0.9,0.06206504963898785,0.3068354687183611,126,723
10-6,0.3,0.1,0.06422085058741832,0.31749325757574126,126,723
10-6,0.3,0.3,0.10530057484734434,0.5205820574950671,126,723
10-6,0.3,0.5,0.09928898757431691,0.49086213929005545,126,723
10-6,0.3,0.7,0.09657168458530316,0.47742841223862187,126,723
10-6,0.3,0.9,0.09600289968713162,0.47461646925548506,126,723
10-6,0.5,0.1,0.06549188854033001,0.32377697970774605,126,723
10-6,0.5,0.3,0.09857694839866128,0.4873419797883882,126,723
10-6,0.5,0.5,0.09621178298262885,0.4756491406906025,126,723
10-6,0.5,0.7,0.09603183913675932,0.4747595393028405,126,723
10-6,0.5,0.9,0.09548333188512223,0.4720478443854846,126,723
10-6,0.7,0.1,0.06537352664294169,0.3231918254466154,126,723
10-6,0.7,0.3,0.09895218008681808,0.4891970397872648,126,723
10-6,0.7,0.5,0.09696370691540111,0.479366481346813,126,723
10-6,0.7,0.7,0.1030547762791374,0.5094793409044736,126,723
10-6,0.7,0.9,0.1048055311920502,0.5181346744205064,126,723
10-6,0.9,0.1,0.06571485750093344,0.3248792874628247,126,723
10-6,0.9,0.3,0.09934753923805617,0.49115160537913743,126,723
10-6,0.9,0.5,0.09845280624553415,0.48672824925946684,126,723
10-6,0.9,0.7,0.10538747797059203,0.5210116867422826,126,723
10-6,0.9,0.9,0.11441143839093705,0.5656240916525844,126,723
10-6,0.1,0.1,0.057575032393270796,0.2846378461569239,126,724
10-6,0.1,0.3,0.06507290363544055,0.3217056137711124,126,724
10-6,0.1,0.5,0.06541055284975293,0.3233748745795473,126,724
10-6,0.1,0.7,0.06541525431249905,0.32339811754050124,126,724
10-6,0.1,0.9,0.06557599350257937,0.3241927754843293,126,724
10-6,0.3,0.1,0.0918961430901144,0.45431360004507465,126,724
10-6,0.3,0.3,0.09533781759297175,0.47132845486921215,126,724
10-6,0.3,0.5,0.0997578225294864,0.49317995252081476,126,724
10-6,0.3,0.7,0.09956612237178711,0.4922322306051282,126,724
10-6,0.3,0.9,0.09934575631038624,0.49114279099083874,126,724
10-6,0.5,0.1,0.0938377349459349,0.46391238793948086,126,724
10-6,0.5,0.3,0.0920498639724927,0.4550735610741997,126,724
10-6,0.5,0.5,0.09469067260357678,0.46812911744332203,126,724
10-6,0.5,0.7,0.09820161278570337,0.4854864060089662,126,724
10-6,0.5,0.9,0.09928107025283386,0.4908229978559895,126,724
10-6,0.7,0.1,0.09552690304619618,0.47226325028153227,126,724
10-6,0.7,0.3,0.09258496450024754,0.4577189762023617,126,724
10-6,0.7,0.5,0.09705254793002227,0.4798056910875811,126,724
10-6,0.7,0.7,0.10203559160256352,0.5044407240054922,126,724
10-6,0.7,0.9,0.10635439000593928,0.5257918796092973,126,724
10-6,0.9,0.1,0.09588257235074357,0.4740215983116123,126,724
10-6,0.9,0.3,0.09264328454011674,0.45800729719578753,126,724
10-6,0.9,0.5,0.09818101109717972,0.48538455595339847,126,724
10-6,0.9,0.7,0.10352591983686375,0.5118085673404384,126,724
10-6,0.9,0.9,0.11227987238821008,0.5550861148467139,126,724
10-6,0.1,0.1,0.05598429017106403,0.27677357893728904,126,725
10-6,0.1,0.3,0.09315835291794917,0.46055367793750124,126,725
10-6,0.1,0.5,0.09471231652247575,0.46823612004847415,126,725
10-6,0.1,0.7,0.09555682637440084,0.4724111844004719,126,725
10-6,0.1,0.9,0.09577387164645358,0.4734842067886079,126,725
10-6,0.3,0.1,0.06123114540037195,0.30271283610289945,126,725
10-6,0.3,0.3,0.08742903347437127,0.4322292275885058,126,725
10-6,0.3,0.5,0.09072570765724992,0.44852723385771964,126,725
10-6,0.3,0.7,0.092696395362298,0.45826986500347955,126,725
10-6,0.3,0.9,0.09304706973548992,0.4600035192306449,126,725
10-6,0.5,0.1,0.06244532324457892,0.3087154548086237,126,725
10-6,0.5,0.3,0.085127251610127,0.4208497423337458,126,725
10-6,0.5,0.5,0.09568138177618411,0.4730269579366227,126,725
10-6,0.5,0.7,0.0969023956214614,0.4790633722745872,126,725
10-6,0.5,0.9,0.09846203689994758,0.48677388351239975,126,725
10-6,0.7,0.1,0.06279470193423274,0.3104427034714975,126,725
10-6,0.7,0.3,0.08584290497403543,0.424387769558923,126,725
10-6,0.7,0.5,0.09807909946846094,0.48488072807365507,126,725
10-6,0.7,0.7,0.1004837656472535,0.4967688499453488,126,725
10-6,0.7,0.9,0.10184443928441116,0.503495710483743,126,725
10-6,0.9,0.1,0.06295989993661584,0.31125940476775676,126,725
10-6,0.9,0.3,0.08565934246124259,0.42348027830612406,126,725
10-6,0.9,0.5,0.09845274054483505,0.48672792445017526,126,725
10-6,0.9,0.7,0.10396575441099569,0.5139830092928305,126,725
10-6,0.9,0.9,0.10972254230519049,0.5424432574051247,126,725
10-6,0.1,0.1,0.05496173786044964,0.2717183132226651,136,721
10-6,0.1,0.3,0.0708077143895045,0.3500572119083826,136,721
10-6,0.1,0.5,0.07169739011034607,0.35445556602877126,136,721
10-6,0.1,0.7,0.07201343588002869,0.35601802432762203,136,721
10-6,0.1,0.9,0.07223871230207456,0.3571317396464964,136,721
10-6,0.3,0.1,0.0682122133213696,0.337225645810675,136,721
10-6,0.3,0.3,0.10014619531208804,0.49509997909744985,136,721
10-6,0.3,0.5,0.10458493688067295,0.5170441063903227,136,721
10-6,0.3,0.7,0.10453035773479297,0.5167742795247077,136,721
10-6,0.3,0.9,0.1046340319814957,0.5172868213862882,136,721
10-6,0.5,0.1,0.06916094891705077,0.3419159785000693,136,721
10-6,0.5,0.3,0.09774864428295757,0.4832470329050518,136,721
10-6,0.5,0.5,0.09471072148359704,0.4682282345395634,136,721
10-6,0.5,0.7,0.09697233193746113,0.4794091214913369,136,721
10-6,0.5,0.9,0.09737618930530255,0.4814057003304384,136,721
10-6,0.7,0.1,0.06971276101573866,0.34464401182849186,136,721
10-6,0.7,0.3,0.09775998182223058,0.4833030831168406,136,721
10-6,0.7,0.5,0.09408259197610733,0.4651229053250135,136,721
10-6,0.7,0.7,0.10224767454354025,0.5054892137590699,136,721
10-6,0.7,0.9,0.10664526177752172,0.5272298833954793,136,721
10-6,0.9,0.1,0.07029489458315202,0.34752194759190363,136,721
10-6,0.9,0.3,0.09787627249972553,0.4838779977385848,136,721
10-6,0.9,0.5,0.094223345903254,0.4658187606809862,136,721
10-6,0.9,0.7,0.10274742505866681,0.5079598664765499,136,721
10-6,0.9,0.9,0.11296565622340517,0.5584764739253825,136,721
10-6,0.1,0.1,0.05749464438882036,0.2842404261730786,136,722
10-6,0.1,0.3,0.06783355054007816,0.33535362326884854,136,722
10-6,0.1,0.5,0.06872315810990945,0.33975164046616535,136,722
10-6,0.1,0.7,0.06962573772754121,0.34421378851313494,136,722
10-6,0.1,0.9,0.07040723730795358,0.3480773444347659,136,722
10-6,0.3,0.1,0.06661705452459267,0.3293395440523384,136,722
10-6,0.3,0.3,0.10129585339244672,0.5007836267865208,136,722
10-6,0.3,0.5,0.09844610109666645,0.4866951005307118,136,722
10-6,0.3,0.7,0.09815385936172596,0.4852503239577273,136,722
10-6,0.3,0.9,0.09811922541142938,0.4850791015961142,136,722
10-6,0.5,0.1,0.06808396248257036,0.3365916028756352,136,722
10-6,0.5,0.3,0.09422466691599715,0.4658252914670983,136,722
10-6,0.5,0.5,0.09482520947033375,0.4687942370688019,136,722
10-6,0.5,0.7,0.09436977683155647,0.4665426818376097,136,722
10-6,0.5,0.9,0.09432089382452781,0.46630101538505314,136,722
10-6,0.7,0.1,0.0693765243484912,0.3429817343310069,136,722
10-6,0.7,0.3,0.09398992574128776,0.46466478456686355,136,722
10-6,0.7,0.5,0.09495005518291325,0.4694114458354045,136,722
10-6,0.7,0.7,0.10001023889743259,0.49442784155049346,136,722
10-6,0.7,0.9,0.10269907085483482,0.5077208143065509,136,722
10-6,0.9,0.1,0.07004274224904734,0.3462753638853978,136,722
10-6,0.9,0.3,0.09417680561423926,0.46558867609268423,136,722
10-6,0.9,0.5,0.0953018106024357,0.4711504445093957,136,722
10-6,0.9,0.7,0.1048750162800158,0.5184781928686326,136,722
10-6,0.9,0.9,0.11235278140303623,0.5554465604093631,136,722
10-6,0.1,0.1,0.060800681616490014,0.30058472120309726,136,723
10-6,0.1,0.3,0.06912398272022538,0.34173322604283884,136,723
10-6,0.1,0.5,0.06883232433043011,0.3402913333953824,136,723
10-6,0.1,0.7,0.06913641239818626,0.3417946755395415,136,723
10-6,0.1,0.9,0.06965169182782308,0.3443420996733043,136,723
10-6,0.3,0.1,0.06821246164792322,0.33722687348059416,136,723
10-6,0.3,0.3,0.10451915038629629,0.5167188729464632,136,723
10-6,0.3,0.5,0.09801852362368839,0.48458125489459686,136,723
10-6,0.3,0.7,0.0953863681316831,0.471568477674135,136,723
10-6,0.3,0.9,0.09489979824174521,0.469162986965407,136,723
10-6,0.5,0.1,0.0701087128367647,0.3466015074448024,136,723
10-6,0.5,0.3,0.09866499399835013,0.48777725717890447,136,723
10-6,0.5,0.5,0.09609051707556843,0.47504962966710584,136,723
10-6,0.5,0.7,0.09601633470980907,0.47468288894747684,136,723
10-6,0.5,0.9,0.09555812095947526,0.47241758453420923,136,723
10-6,0.7,0.1,0.07003008121422674,0.3462127706130773,136,723
10-6,0.7,0.3,0.09912379934432762,0.4900454863062853,136,723
10-6,0.7,0.5,0.09701021057494423,0.4795963848473504,136,723
10-6,0.7,0.7,0.10303324172633857,0.50937287898041,136,723
10-6,0.7,0.9,0.10483416936636963,0.5182762550313599,136,723
10-6,0.9,0.1,0.07041657368573857,0.348123501359967,136,723
10-6,0.9,0.3,0.0994942679678809,0.49187699879865604,136,723
10-6,0.9,0.5,0.09864083774145627,0.48765783414694647,136,723
10-6,0.9,0.7,0.10534449180462756,0.5207991729288106,136,723
10-6,0.9,0.9,0.11439929066719831,0.5655640360733346,136,723
10-6,0.1,0.1,0.058033302558473734,0.28690342947245473,136,724
10-6,0.1,0.3,0.06876577000983766,0.33996230399360156,136,724
10-6,0.1,0.5,0.06979100829152936,0.345030848537442,136,724
10-6,0.1,0.7,0.07018859286294163,0.3469964160997668,136,724
10-6,0.1,0.9,0.07047957002816596,0.34843494092810856,136,724
10-6,0.3,0.1,0.0880931896946326,0.43551266466511274,136,724
10-6,0.3,0.3,0.09511705230496445,0.4702370415695133,136,724
10-6,0.3,0.5,0.10009258665395011,0.49483495010218126,136,724
10-6,0.3,0.7,0.09968599959485425,0.49282487629126576,136,724
10-6,0.3,0.9,0.09940587196577141,0.4914399890983842,136,724
10-6,0.5,0.1,0.08988245421124696,0.4443583808904265,136,724
10-6,0.5,0.3,0.09231510814390405,0.45638486784239235,136,724
10-6,0.5,0.5,0.09467192393085559,0.4680364282758161,136,724
10-6,0.5,0.7,0.09832140198471198,0.48607861652420786,136,724
10-6,0.5,0.9,0.0994403084792188,0.49161023537718546,136,724
10-6,0.7,0.1,0.09177003518909314,0.4536901513063075,136,724
10-6,0.7,0.3,0.09256338540227643,0.4576122940571125,136,724
10-6,0.7,0.5,0.09705692385138298,0.4798273246460749,136,724
10-6,0.7,0.7,0.10196109953706,0.5040724522008692,136,724
10-6,0.7,0.9,0.10632824214529134,0.5256626105420112,136,724
10-6,0.9,0.1,0.09223270253669749,0.45597747329007476,136,724
10-6,0.9,0.3,0.09251385682266727,0.45736743604076147,136,724
10-6,0.9,0.5,0.09824799283584808,0.48571569841279266,136,724
10-6,0.9,0.7,0.10342238141594719,0.5112966969706073,136,724
10-6,0.9,0.9,0.112214067630587,0.5547607911135239,136,724
10-6,0.1,0.1,0.057972520738987815,0.2866029380013289,136,725
10-6,0.1,0.3,0.08947421206479575,0.44234012470460915,136,725
10-6,0.1,0.5,0.09072418646210466,0.44851971341540753,136,725
10-6,0.1,0.7,0.09180829819373881,0.45387931488602457,136,725
10-6,0.1,0.9,0.09219188864535661,0.45577569870755785,136,725
10-6,0.3,0.1,0.06208783456293851,0.3069481121925995,136,725
10-6,0.3,0.3,0.08759335304637467,0.4330415861250499,136,725
10-6,0.3,0.5,0.09080027772064572,0.4488958912661564,136,725
10-6,0.3,0.7,0.0926244553809449,0.45791421012160216,136,725
10-6,0.3,0.9,0.09290418046409055,0.45929710721905914,136,725
10-6,0.5,0.1,0.06307033792804104,0.3118053850426517,136,725
10-6,0.5,0.3,0.08526043653869073,0.4215081782847323,136,725
10-6,0.5,0.5,0.0958596814057901,0.4739084306936846,136,725
10-6,0.5,0.7,0.09702376403878989,0.4796633900855002,136,725
10-6,0.5,0.9,0.09850638826511633,0.48699314655978326,136,725
10-6,0.7,0.1,0.06347003562541201,0.3137813994184048,136,725
10-6,0.7,0.3,0.08594805945649302,0.4249076293689189,136,725
10-6,0.7,0.5,0.09830093227319393,0.48597741893289514,136,725
10-6,0.7,0.7,0.10055083371716632,0.4971004192067517,136,725
10-6,0.7,0.9,0.10183063234490439,0.5034274521196594,136,725
10-6,0.9,0.1,0.06359280816008657,0.31438835886565786,136,725
10-6,0.9,0.3,0.08577827036482139,0.4240682307729399,136,725
10-6,0.9,0.5,0.09871087619996106,0.48800408833297604,136,725
10-6,0.9,0.7,0.1040550400372135,0.5144244170920622,136,725
10-6,0.9,0.9,0.10973082696620526,0.5424842148821657,136,725
10-6,0.1,0.1,0.08282677424588966,0.4094767062298911,146,721
10-6,0.1,0.3,0.11845446461476701,0.5856118924139683,146,721
10-6,0.1,0.5,0.11757908795090052,0.5812842295743359,146,721
10-6,0.1,0.7,0.11756537952465354,0.58121645823737,146,721
10-6,0.1,0.9,0.1174892725160177,0.5808402025217401,146,721
10-6,0.3,0.1,0.058220527776875766,0.2878290283075227,146,721
10-6,0.3,0.3,0.10005702004825846,0.494659116904728,146,721
10-6,0.3,0.5,0.10462262610748596,0.5172304333431258,146,721
10-6,0.3,0.7,0.10457527176212023,0.516996324245644,146,721
10-6,0.3,0.9,0.10468126161495558,0.5175203139365133,146,721
10-6,0.5,0.1,0.05921055895009184,0.2927235169262625,146,721
10-6,0.5,0.3,0.09784477116735392,0.48372226232646937,146,721
10-6,0.5,0.5,0.09465696127571874,0.4679624563168973,146,721
10-6,0.5,0.7,0.09696392306054574,0.4793675499191762,146,721
10-6,0.5,0.9,0.09736300840781878,0.4813405369755215,146,721
10-6,0.7,0.1,0.06043038019529598,0.29875403532110656,146,721
10-6,0.7,0.3,0.09786857601935567,0.483839948092681,146,721
10-6,0.7,0.5,0.09404965002153115,0.46496004780485245,146,721
10-6,0.7,0.7,0.10231121228051114,0.5058033298585198,146,721
10-6,0.7,0.9,0.10667962336598538,0.5273997592622268,146,721
10-6,0.9,0.1,0.061174631359141536,0.3024334435553873,146,721
10-6,0.9,0.3,0.09797415729888495,0.48436191789018684,146,721
10-6,0.9,0.5,0.094198547851884,0.4656961647633212,146,721
10-6,0.9,0.7,0.1027531043184726,0.5079879434434519,146,721
10-6,0.9,0.9,0.11298782701129823,0.5585860812508353,146,721
10-6,0.1,0.1,0.06828344342646342,0.33757779122601655,146,722
10-6,0.1,0.3,0.05732450513807448,0.2833992964703931,146,722
10-6,0.1,0.5,0.058991802403612556,0.2916420343871425,146,722
10-6,0.1,0.7,0.060402774891614955,0.29861756098743003,146,722
10-6,0.1,0.9,0.061366382042803216,0.30338141525992357,146,722
10-6,0.3,0.1,0.0725048294904581,0.35844736241175046,146,722
10-6,0.3,0.3,0.10138176387025792,0.5012083486207954,146,722
10-6,0.3,0.5,0.09872982234257661,0.48809775374666153,146,722
10-6,0.3,0.7,0.09827645955803595,0.48585643140335977,146,722
10-6,0.3,0.9,0.0982296283442856,0.4856249085494296,146,722
10-6,0.5,0.1,0.07324682850484297,0.3621156365320748,146,722
10-6,0.5,0.3,0.09403274256136471,0.46487646117284,146,722
10-6,0.5,0.5,0.09476440002714537,0.468493609032383,146,722
10-6,0.5,0.7,0.09433438998571475,0.4663677373319102,146,722
10-6,0.5,0.9,0.0942957034082559,0.4661764797046829,146,722
10-6,0.7,0.1,0.07419392768102606,0.3667978791362016,146,722
10-6,0.7,0.3,0.09383882818858065,0.4639177926821111,146,722
10-6,0.7,0.5,0.0949806592824646,0.4695627455328214,146,722
10-6,0.7,0.7,0.0999986599664602,0.49437059795312527,146,722
10-6,0.7,0.9,0.10267000126525178,0.5075771008768986,146,722
10-6,0.9,0.1,0.07473217186758123,0.36945883579743405,146,722
10-6,0.9,0.3,0.09405869080542523,0.46500474338118497,146,722
10-6,0.9,0.5,0.09534149948209553,0.4713466572904079,146,722
10-6,0.9,0.7,0.10486527446745231,0.5184300315662334,146,722
10-6,0.9,0.9,0.11233836140141122,0.5553752712058054,146,722
10-6,0.1,0.1,0.08355257034350431,0.4130648768202784,146,723
10-6,0.1,0.3,0.07330133580561525,0.3623851082118417,146,723
10-6,0.1,0.5,0.07391352724454776,0.3654116432456948,146,723
10-6,0.1,0.7,0.07397402026982511,0.36571070698403274,146,723
10-6,0.1,0.9,0.0742869706564238,0.36725786241395897,146,723
10-6,0.3,0.1,0.06570851632167843,0.3248479381169327,146,723
10-6,0.3,0.3,0.10447852584851458,0.5165180344848134,146,723
10-6,0.3,0.5,0.09769966267617716,0.48300487899778083,146,723
10-6,0.3,0.7,0.09506117676541487,0.4699608056288782,146,723
10-6,0.3,0.9,0.09464189043959656,0.4678879495358277,146,723
10-6,0.5,0.1,0.06724869657547763,0.3324622384813745,146,723
10-6,0.5,0.3,0.09877440096841382,0.4883181403190262,146,723
10-6,0.5,0.5,0.09608297751128668,0.4750123557786005,146,723
10-6,0.5,0.7,0.09601524922036137,0.4746775225348918,146,723
10-6,0.5,0.9,0.09558438174945881,0.4725474118984084,146,723
10-6,0.7,0.1,0.06706980158242033,0.3315778223830166,146,723
10-6,0.7,0.3,0.09925922264491543,0.4907149882587199,146,723
10-6,0.7,0.5,0.0970667608250603,0.4798759564033458,146,723
10-6,0.7,0.7,0.10301500001175642,0.5092826960984724,146,723
10-6,0.7,0.9,0.10482076764936996,0.5182099999950529,146,723
10-6,0.9,0.1,0.06745108814333785,0.33346281629369,146,723
10-6,0.9,0.3,0.09960223498416389,0.49241076313526755,146,723
10-6,0.9,0.5,0.09874530531133638,0.48817429801761897,146,723
10-6,0.9,0.7,0.10535442304538543,0.5208482707210563,146,723
10-6,0.9,0.9,0.11438289336617713,0.5654829715519362,146,723
10-6,0.1,0.1,0.062286159515089305,0.30792858558310987,146,724
10-6,0.1,0.3,0.06712080384116487,0.3318299659333497,146,724
10-6,0.1,0.5,0.0673149031876543,0.33278954889194606,146,724
10-6,0.1,0.7,0.06740180714877839,0.33321918228143166,146,724
10-6,0.1,0.9,0.06762887882044569,0.33434177290552636,146,724
10-6,0.3,0.1,0.09342404249792499,0.46186718670418486,146,724
10-6,0.3,0.3,0.09505975392681175,0.4699537714389076,146,724
10-6,0.3,0.5,0.10022937576766382,0.4955112043236159,146,724
10-6,0.3,0.7,0.09974950068198639,0.4931388112022608,146,724
10-6,0.3,0.9,0.09945498935098027,0.4916828142632788,146,724
10-6,0.5,0.1,0.09489339526254355,0.46913133209465496,146,724
10-6,0.5,0.3,0.09236184084095002,0.45661590365217547,146,724
10-6,0.5,0.5,0.09466556468118528,0.46800498959390674,146,724
10-6,0.5,0.7,0.0983639735073763,0.48628908043564817,146,724
10-6,0.5,0.9,0.09949322921980693,0.49187186346477635,146,724
10-6,0.7,0.1,0.0965591329743446,0.47736635993295157,146,724
10-6,0.7,0.3,0.09255272746585176,0.4575596036470112,146,724
10-6,0.7,0.5,0.09704786233728253,0.47978252658432385,146,724
10-6,0.7,0.7,0.10196413578494137,0.5040874627188217,146,724
10-6,0.7,0.9,0.10633805695125362,0.5257111327071482,146,724
10-6,0.9,0.1,0.09688849562571152,0.47899465386163326,146,724
10-6,0.9,0.3,0.09251309551847749,0.45736367232625114,146,724
10-6,0.9,0.5,0.09826167370277997,0.4857833335027819,146,724
10-6,0.9,0.7,0.10343459924431471,0.511357099131174,146,724
10-6,0.9,0.9,0.11221720149847075,0.554776284242533,146,724
10-6,0.1,0.1,0.057484309523798946,0.28418933295440835,146,725
10-6,0.1,0.3,0.0945148850260979,0.4672600636998007,146,725
10-6,0.1,0.5,0.09554209937895598,0.4723383774893936,146,725
10-6,0.1,0.7,0.09664002991363702,0.4777662959747344,146,725
10-6,0.1,0.9,0.09683147778315805,0.47871277063513196,146,725
10-6,0.3,0.1,0.06505288962456354,0.32160666905997304,146,725
10-6,0.3,0.3,0.08768848091077894,0.4335118766191757,146,725
10-6,0.3,0.5,0.09082417971540643,0.4490140572840419,146,725
10-6,0.3,0.7,0.09265160823935421,0.45804844766890984,146,725
10-6,0.3,0.9,0.09292120252899302,0.4593812604307827,146,725
10-6,0.5,0.1,0.06609258628445637,0.32674669253242233,146,725
10-6,0.5,0.3,0.085272391338537,0.42156728009220046,146,725
10-6,0.5,0.5,0.09589410026801942,0.4740785897088843,146,725
10-6,0.5,0.7,0.09704772686477285,0.47978185683909286,146,725
10-6,0.5,0.9,0.09853380768255751,0.48712870191422974,146,725
10-6,0.7,0.1,0.06644125475426611,0.3284704300301554,146,725
10-6,0.7,0.3,0.08595871626240367,0.4249603141900164,146,725
10-6,0.7,0.5,0.0983552874745207,0.4862461386676475,146,725
10-6,0.7,0.7,0.10057811738476201,0.4972353034448821,146,725
10-6,0.7,0.9,0.10185049416870086,0.5035256444525366,146,725
10-6,0.9,0.1,0.06658392764375913,0.329175772298882,146,725
10-6,0.9,0.3,0.08578715140710659,0.4241121366231429,146,725
10-6,0.9,0.5,0.09876620760438436,0.4882776341934856,146,725
10-6,0.9,0.7,0.10409640577243329,0.5146289198650218,146,725
10-6,0.9,0.9,0.10974724124079585,0.5425653633170252,146,725
10-6,0.1,0.1,0.058675250496164164,0.2900770738584619,156,721
10-6,0.1,0.3,0.06966106043374495,0.34438841592707353,156,721
10-6,0.1,0.5,0.0701789599416586,0.34694879313105575,156,721
10-6,0.1,0.7,0.07071716477352333,0.3496095552316626,156,721
10-6,0.1,0.9,0.0711644954050457,0.35182105598439906,156,721
10-6,0.3,0.1,0.06772863900685305,0.334834964544521,156,721
10-6,0.3,0.3,0.09981317439590558,0.49345359954077134,156,721
10-6,0.3,0.5,0.1046689012802468,0.5174592072570546,156,721
10-6,0.3,0.7,0.10458277483614191,0.517033417734615,156,721
10-6,0.3,0.9,0.10468909638863094,0.5175590472730203,156,721
10-6,0.5,0.1,0.06855409261883531,0.33891581918672425,156,721
10-6,0.5,0.3,0.0972672468333476,0.48086711356316647,156,721
10-6,0.5,0.5,0.09456947127109196,0.46752992566181883,156,721
10-6,0.5,0.7,0.09675008123435457,0.47831036463772364,156,721
10-6,0.5,0.9,0.09706122800682976,0.47984860341023655,156,721
10-6,0.7,0.1,0.06968839935837351,0.34452357334338835,156,721
10-6,0.7,0.3,0.09743499830222993,0.48169643861618905,156,721
10-6,0.7,0.5,0.09402704579122748,0.4648482976388478,156,721
10-6,0.7,0.7,0.10204931620854457,0.504508575331378,156,721
10-6,0.7,0.9,0.1063195215302523,0.5256194978075724,156,721
10-6,0.9,0.1,0.07056149214422995,0.34883994521034317,156,721
10-6,0.9,0.3,0.09761133343393692,0.48256819934309647,156,721
10-6,0.9,0.5,0.09425544931867885,0.46597747265457906,156,721
10-6,0.9,0.7,0.10279214159978252,0.5081809348706382,156,721
10-6,0.9,0.9,0.11276073756330057,0.5574634027446123,156,721
10-6,0.1,0.1,0.04935627264281227,0.2440061699561624,156,722
10-6,0.1,0.3,0.06723646658710833,0.33240177620452876,156,722
10-6,0.1,0.5,0.06830638926168844,0.3376912302089443,156,722
10-6,0.1,0.7,0.06971628240547177,0.3446614207772574,156,722
10-6,0.1,0.9,0.0708055502915503,0.35004651310101853,156,722
10-6,0.3,0.1,0.06614103150155655,0.3269861946512889,156,722
10-6,0.3,0.3,0.10129663660082462,0.500787498790348,156,722
10-6,0.3,0.5,0.09821058826894483,0.48553077875374584,156,722
10-6,0.3,0.7,0.09792813097551369,0.4841343742309591,156,722
10-6,0.3,0.9,0.09796995529184929,0.4843411441245032,156,722
10-6,0.5,0.1,0.06712753471537601,0.3318632418423431,156,722
10-6,0.5,0.3,0.09456392997541796,0.46750253075816,156,722
10-6,0.5,0.5,0.09481153333932837,0.46872662539215465,156,722
10-6,0.5,0.7,0.09428647372111831,0.46613085023374146,156,722
10-6,0.5,0.9,0.0943171625481227,0.46628256880438756,156,722
10-6,0.7,0.1,0.06825422718540472,0.3374333527848717,156,722
10-6,0.7,0.3,0.0943001036348554,0.4661982334227413,156,722
10-6,0.7,0.5,0.0947876212123497,0.4686084092828913,156,722
10-6,0.7,0.7,0.10001378091873743,0.4944453524970504,156,722
10-6,0.7,0.9,0.10262968684802383,0.5073777955806297,156,722
10-6,0.9,0.1,0.06903578623800635,0.34129720272346026,156,722
10-6,0.9,0.3,0.09451669993528643,0.46726903619744287,156,722
10-6,0.9,0.5,0.09504113567506849,0.4698617270430102,156,722
10-6,0.9,0.7,0.10469793643969516,0.5176027504719632,156,722
10-6,0.9,0.9,0.11232138347583542,0.5552913362088593,156,722
10-6,0.1,0.1,0.05745408310649797,0.28403990043201177,156,723
10-6,0.1,0.3,0.06722190521681591,0.33232978810647934,156,723
10-6,0.1,0.5,0.06757540129580235,0.3340773922043865,156,723
10-6,0.1,0.7,0.06807946418558214,0.3365693643199128,156,723
10-6,0.1,0.9,0.0687959437497729,0.3401114760911003,156,723
10-6,0.3,0.1,0.06930224518253301,0.34261451505324336,156,723
10-6,0.3,0.3,0.10512134349325333,0.5196959785043722,156,723
10-6,0.3,0.5,0.0983470580556859,0.48620545429536155,156,723
10-6,0.3,0.7,0.09563702684057492,0.4728076772377949,156,723
10-6,0.3,0.9,0.09531430232603007,0.47121220074557807,156,723
10-6,0.5,0.1,0.06993164265320596,0.34572611278896437,156,723
10-6,0.5,0.3,0.09898417792161776,0.4893552297942952,156,723
10-6,0.5,0.5,0.09613285798105946,0.47525895345976965,156,723
10-6,0.5,0.7,0.0959401314685177,0.47430615747951704,156,723
10-6,0.5,0.9,0.09545045491720047,0.47188530814454077,156,723
10-6,0.7,0.1,0.07001830267737322,0.34615454020969744,156,723
10-6,0.7,0.3,0.09938060971248733,0.4913150982721883,156,723
10-6,0.7,0.5,0.09708703472628184,0.4799761859531528,156,723
10-6,0.7,0.7,0.10302864084517195,0.5093501332718753,156,723
10-6,0.7,0.9,0.10480185944258526,0.5181165221274744,156,723
10-6,0.9,0.1,0.07045376607298863,0.3483073720511371,156,723
10-6,0.9,0.3,0.0996259585174447,0.49252804688024504,156,723
10-6,0.9,0.5,0.09867239517460596,0.48781384690853064,156,723
10-6,0.9,0.7,0.10542897196123643,0.5212168235808484,156,723
10-6,0.9,0.9,0.11438654302728511,0.5655010146451626,156,723
10-6,0.1,0.1,0.06487919805450114,0.32074797749970646,156,724
10-6,0.1,0.3,0.06986186563809162,0.3453811511195076,156,724
10-6,0.1,0.5,0.07027300877431489,0.34741374913799306,156,724
10-6,0.1,0.7,0.07044301741085947,0.3482542331138176,156,724
10-6,0.1,0.9,0.07061010849109281,0.34908029335577784,156,724
10-6,0.3,0.1,0.08937427500777156,0.4418460586575712,156,724
10-6,0.3,0.3,0.09510379072311935,0.4701714793294916,156,724
10-6,0.3,0.5,0.10003947289827733,0.4945723677919754,156,724
10-6,0.3,0.7,0.0996876001447222,0.492832789045252,156,724
10-6,0.3,0.9,0.09943367462307595,0.49157743910342366,156,724
10-6,0.5,0.1,0.09118646105927265,0.45080509373047506,156,724
10-6,0.5,0.3,0.0920972139953236,0.4553076488020539,156,724
10-6,0.5,0.5,0.0946698502877192,0.4680261766564681,156,724
10-6,0.5,0.7,0.0982709538419022,0.4858292123968439,156,724
10-6,0.5,0.9,0.0993714331503437,0.4912697314391165,156,724
10-6,0.7,0.1,0.09291565220813885,0.45935382090868887,156,724
10-6,0.7,0.3,0.09257984127557747,0.45769364814652136,156,724
10-6,0.7,0.5,0.09705202648467694,0.4798031131805645,156,724
10-6,0.7,0.7,0.10208645542699847,0.5046921831681302,156,724
10-6,0.7,0.9,0.10638842770471271,0.5259601542391894,156,724
10-6,0.9,0.1,0.09336957698619709,0.46159792161993496,156,724
10-6,0.9,0.3,0.09272356672052318,0.4584041940096631,156,724
10-6,0.9,0.5,0.09821435568467614,0.4855494039990086,156,724
10-6,0.9,0.7,0.10362009836195198,0.5122741645172189,156,724
10-6,0.9,0.9,0.11231980319462032,0.555283523658476,156,724
10-6,0.1,0.1,0.06692815436786333,0.3308775508175533,156,725
10-6,0.1,0.3,0.09072552783544954,0.448526344859697,156,725
10-6,0.1,0.5,0.09202999375895174,0.45497532726433676,156,725
10-6,0.1,0.7,0.09304066483464746,0.45997185485973857,156,725
10-6,0.1,0.9,0.09330599103813336,0.46128356717582314,156,725
10-6,0.3,0.1,0.07213379491622487,0.35661305198812593,156,725
10-6,0.3,0.3,0.08741966882227208,0.4321829308815354,156,725
10-6,0.3,0.5,0.09081397622349995,0.4489636135441287,156,725
10-6,0.3,0.7,0.09285161912235437,0.4590372559175312,156,725
10-6,0.3,0.9,0.09320002441727657,0.4607596923385642,156,725
10-6,0.5,0.1,0.07324312561420615,0.3620973302841822,156,725
10-6,0.5,0.3,0.08505459328711762,0.420490536134338,156,725
10-6,0.5,0.5,0.0957591727115987,0.473411538602695,156,725
10-6,0.5,0.7,0.09694157884237461,0.47925708519393123,156,725
10-6,0.5,0.9,0.09854133533313744,0.4871659169041069,156,725
10-6,0.7,0.1,0.07366808609427501,0.3641982381034325,156,725
10-6,0.7,0.3,0.0857870321480475,0.42411154703351867,156,725
10-6,0.7,0.5,0.0982025878812701,0.4854912266593484,156,725
10-6,0.7,0.7,0.10055729277608477,0.49713235132285005,156,725
10-6,0.7,0.9,0.1019092924443134,0.5038163297345487,156,725
10-6,0.9,0.1,0.07386658566735939,0.3651795747800647,156,725
10-6,0.9,0.3,0.08558833488030383,0.42312923299952027,156,725
10-6,0.9,0.5,0.09855950210374606,0.48725572928010946,156,725
10-6,0.9,0.7,0.10406737931506943,0.5144854196712367,156,725
10-6,0.9,0.9,0.10977162027499741,0.5426858877092499,156,725
