stim,N_x,leak_rate,csv_seed,reservoir_seed,RMSE,NRMSE
10-6,400,0.1,116,721,0.08155428347514955,0.4199956387453968
10-6,600,0.1,116,721,0.08552777204482077,0.44045867022276997
10-6,800,0.1,116,721,0.0871050404774905,0.448581430115007
10-6,1000,0.1,116,721,0.08380786035904332,0.43160131318064865
10-6,1200,0.1,116,721,0.0860551490251904,0.4431746039823677
10-6,400,0.3,116,721,0.09125052368477746,0.4699302151617584
10-6,600,0.3,116,721,0.09167661888224943,0.4721245588185587
10-6,800,0.3,116,721,0.09158704772781981,0.4716632771713563
10-6,1000,0.3,116,721,0.09195179639915431,0.47354169292919135
10-6,1200,0.3,116,721,0.09194454103767485,0.4735043286112298
10-6,400,0.5,116,721,0.10951890548570908,0.5640103830742752
10-6,600,0.5,116,721,0.1111253286174138,0.5722832864773354
10-6,800,0.5,116,721,0.10987773182263079,0.5658582994577234
10-6,1000,0.5,116,721,0.11175500217926698,0.57552603644144
10-6,1200,0.5,116,721,0.11050762305053641,0.5691021703781877
10-6,400,0.7,116,721,0.1239265919721979,0.6382083924354898
10-6,600,0.7,116,721,0.12492134764331272,0.6433312753262798
10-6,800,0.7,116,721,0.1241964147135951,0.6395979500380121
10-6,1000,0.7,116,721,0.12544233322403797,0.6460142940768585
10-6,1200,0.7,116,721,0.12481450305692156,0.6427810373940009
10-6,400,0.9,116,721,0.13173455730975947,0.6784185598174438
10-6,600,0.9,116,721,0.1322624820430146,0.6811373144444837
10-6,800,0.9,116,721,0.13217181209628567,0.6806703741371357
10-6,1000,0.9,116,721,0.1328688624222601,0.6842601070661795
10-6,1200,0.9,116,721,0.1324281564541795,0.6819905195390041
10-6,400,0.1,116,722,0.08418879272982163,0.43356307322029863
10-6,600,0.1,116,722,0.08314722415603192,0.4281991090015554
10-6,800,0.1,116,722,0.08510337809278808,0.4382730877938842
10-6,1000,0.1,116,722,0.08302635441008428,0.42757664303176074
10-6,1200,0.1,116,722,0.08190915861157938,0.42182320687853014
10-6,400,0.3,116,722,0.09279095717556321,0.477863279132635
10-6,600,0.3,116,722,0.09186829271732906,0.4731116581021859
10-6,800,0.3,116,722,0.09224904370961175,0.47507248406242425
10-6,1000,0.3,116,722,0.09257194607302639,0.47673539591200303
10-6,1200,0.3,116,722,0.09174495252553998,0.47247646960654766
10-6,400,0.5,116,722,0.11234883577228412,0.5785842144865417
10-6,600,0.5,116,722,0.11085570767135375,0.5708947680987253
10-6,800,0.5,116,722,0.1120996502494704,0.5773009363022371
10-6,1000,0.5,116,722,0.11210555560520825,0.5773313482383055
10-6,1200,0.5,116,722,0.11040493971134839,0.56857336241381
10-6,400,0.7,116,722,0.12589847374562205,0.6483633678662044
10-6,600,0.7,116,722,0.1249658344072586,0.6435603772942329
10-6,800,0.7,116,722,0.12559069123235336,0.6467783215909302
10-6,1000,0.7,116,722,0.12594611770643088,0.6486087290526388
10-6,1200,0.7,116,722,0.12442815521312921,0.6407913882607225
10-6,400,0.9,116,722,0.13314228439723141,0.6856682003278914
10-6,600,0.9,116,722,0.132444309210203,0.6820737044655893
10-6,800,0.9,116,722,0.13278279632579873,0.6838168760840984
10-6,1000,0.9,116,722,0.1332467675585093,0.6862062771791512
10-6,1200,0.9,116,722,0.13187493975034,0.6791415140301214
10-6,400,0.1,116,723,0.09041001887869601,0.46560170735252343
10-6,600,0.1,116,723,0.08247109132921046,0.42471709890500253
10-6,800,0.1,116,723,0.08712900424347078,0.44870484088843005
10-6,1000,0.1,116,723,0.08241320748331113,0.42441900343048417
10-6,1200,0.1,116,723,0.08326546564456327,0.42880803973315906
10-6,400,0.3,116,723,0.0913378265491022,0.470379815363047
10-6,600,0.3,116,723,0.09190255592042151,0.4732881098500903
10-6,800,0.3,116,723,0.09287104480088748,0.47827572164233983
10-6,1000,0.3,116,723,0.09218365412447012,0.47473573485185433
10-6,1200,0.3,116,723,0.092264352786233,0.47515132413237726
10-6,400,0.5,116,723,0.11175193182914075,0.5755102244741529
10-6,600,0.5,116,723,0.11093376875679682,0.5712967741497234
10-6,800,0.5,116,723,0.11270325258459617,0.5804094223006042
10-6,1000,0.5,116,723,0.11196555227987655,0.5766103464276883
10-6,1200,0.5,116,723,0.11179127600187222,0.5757128426598953
10-6,400,0.7,116,723,0.12574549539445498,0.6475755460918619
10-6,600,0.7,116,723,0.12485098544517212,0.6429689177027148
10-6,800,0.7,116,723,0.12634700210770203,0.6506732398667917
10-6,1000,0.7,116,723,0.1255369954477129,0.6465017941737666
10-6,1200,0.7,116,723,0.12523848130903442,0.6449644790137726
10-6,400,0.9,116,723,0.13306222076031834,0.6852558813558802
10-6,600,0.9,116,723,0.13223958536115574,0.6810193990375585
10-6,800,0.9,116,723,0.13367514468847347,0.6884123725386676
10-6,1000,0.9,116,723,0.13269732905696266,0.6833767289987822
10-6,1200,0.9,116,723,0.13236343300928025,0.6816572008778139
10-6,400,0.1,116,724,0.09123462589575726,0.46984834328734965
10-6,600,0.1,116,724,0.08262107900059318,0.42548951900560356
10-6,800,0.1,116,724,0.08232205640676962,0.4239495853572318
10-6,1000,0.1,116,724,0.08250009445560631,0.42486646183331456
10-6,1200,0.1,116,724,0.08463414926921939,0.4358566106810354
10-6,400,0.3,116,724,0.09176597886226805,0.47258475294064467
10-6,600,0.3,116,724,0.09208083444182076,0.4742062247335651
10-6,800,0.3,116,724,0.09176149474034317,0.47256166020324575
10-6,1000,0.3,116,724,0.09237409369871774,0.4757164778272114
10-6,1200,0.3,116,724,0.09182418037029227,0.47288448434035746
10-6,400,0.5,116,724,0.11099191488551124,0.5715962203520485
10-6,600,0.5,116,724,0.11061759898524205,0.5696685344117506
10-6,800,0.5,116,724,0.11052115713249817,0.5691718694198094
10-6,1000,0.5,116,724,0.11233649961772983,0.5785206846400284
10-6,1200,0.5,116,724,0.1112531903587973,0.5729417604587765
10-6,400,0.7,116,724,0.12502969799584115,0.643889267789451
10-6,600,0.7,116,724,0.1245148715021511,0.6412379676633663
10-6,800,0.7,116,724,0.12448154219849053,0.6410663253953777
10-6,1000,0.7,116,724,0.1257616803528236,0.6476588968570017
10-6,1200,0.7,116,724,0.12518690888412115,0.6446988866669316
10-6,400,0.9,116,724,0.13253451927240364,0.682538276417923
10-6,600,0.9,116,724,0.13213541718552937,0.6804829443279482
10-6,800,0.9,116,724,0.13206113334004313,0.6801003906495388
10-6,1000,0.9,116,724,0.1329155291038129,0.684500435371349
10-6,1200,0.9,116,724,0.1325411494578163,0.682572421147528
10-6,400,0.1,116,725,0.08274087411060539,0.4261064507178843
10-6,600,0.1,116,725,0.08780369628526537,0.4521794310997008
10-6,800,0.1,116,725,0.08769889605542851,0.4516397213800463
10-6,1000,0.1,116,725,0.083365480447667,0.4293231050286116
10-6,1200,0.1,116,725,0.08435795399967967,0.43443423525566444
10-6,400,0.3,116,725,0.09192499574001757,0.47340367246633774
10-6,600,0.3,116,725,0.09324236526497152,0.4801879814139524
10-6,800,0.3,116,725,0.09273453138675362,0.47757269249263323
10-6,1000,0.3,116,725,0.09211013988231581,0.4743571445464182
10-6,1200,0.3,116,725,0.0922913850660184,0.47529053741623467
10-6,400,0.5,116,725,0.11163459261708941,0.574905940367722
10-6,600,0.5,116,725,0.11286882700160536,0.5812621124361611
10-6,800,0.5,116,725,0.11340485837671914,0.5840226153819945
10-6,1000,0.5,116,725,0.11030303921742031,0.568048586016886
10-6,1200,0.5,116,725,0.11078694090339473,0.5705406267660729
10-6,400,0.7,116,725,0.12547810360179878,0.6461985076094364
10-6,600,0.7,116,725,0.12613461492540567,0.6495794691108133
10-6,800,0.7,116,725,0.12664706125980463,0.6522185116769124
10-6,1000,0.7,116,725,0.12470135752246464,0.6421983502684386
10-6,1200,0.7,116,725,0.1246535797908087,0.6419523001767747
10-6,400,0.9,116,725,0.13270045060979907,0.6833928046544258
10-6,600,0.9,116,725,0.13306415222782594,0.6852658282022628
10-6,800,0.9,116,725,0.1334659696738352,0.687335144094752
10-6,1000,0.9,116,725,0.13238446933613499,0.6817655356599704
10-6,1200,0.9,116,725,0.1322663910910351,0.6811574456141819
10-6,400,0.1,126,721,0.08155433627313825,0.4199959106492631
10-6,600,0.1,126,721,0.08552805765910755,0.4404601411051038
10-6,800,0.1,126,721,0.08710503353417826,0.44858139435770844
10-6,1000,0.1,126,721,0.08380665112888704,0.4315950857776204
10-6,1200,0.1,126,721,0.08605522229459828,0.4431749813118034
10-6,400,0.3,126,721,0.09125036867224086,0.46992941686415163
10-6,600,0.3,126,721,0.09167677706181686,0.47212537342602784
10-6,800,0.3,126,721,0.09158722123691163,0.47166417072419914
10-6,1000,0.3,126,721,0.09195155292913167,0.4735404390852077
10-6,1200,0.3,126,721,0.09194446370696326,0.4735039303665242
10-6,400,0.5,126,721,0.1095190526705314,0.5640111410600097
10-6,600,0.5,126,721,0.11112573156183483,0.572285361597026
10-6,800,0.5,126,721,0.10987784577287497,0.5658588862890159
10-6,1000,0.5,126,721,0.11175511606100198,0.5755266229199179
10-6,1200,0.5,126,721,0.11050788611383783,0.5691035251254137
10-6,400,0.7,126,721,0.12392682632938037,0.6382095993493434
10-6,600,0.7,126,721,0.12492126678481698,0.6433308589138717
10-6,800,0.7,126,721,0.1241966203537706,0.6395990090624211
10-6,1000,0.7,126,721,0.1254426977418573,0.6460161713037537
10-6,1200,0.7,126,721,0.12481461706616152,0.6427816245291154
10-6,400,0.9,126,721,0.131734458888079,0.6784180529565556
10-6,600,0.9,126,721,0.13226237511590458,0.6811367637815636
10-6,800,0.9,126,721,0.13217182299686647,0.6806704302739344
10-6,1000,0.9,126,721,0.13286900574807578,0.684260845178452
10-6,1200,0.9,126,721,0.13242816626971748,0.681990570087951
10-6,400,0.1,126,722,0.08418943847609289,0.433566398742958
10-6,600,0.1,126,722,0.08314771726521852,0.42820164845992564
10-6,800,0.1,126,722,0.08510420714005291,0.4382773572966094
10-6,1000,0.1,126,722,0.08302659233038828,0.4275778682953004
10-6,1200,0.1,126,722,0.08190943118529685,0.4218246106033585
10-6,400,0.3,126,722,0.09279108230370484,0.47786392352887674
10-6,600,0.3,126,722,0.09186816729329601,0.47311101218213575
10-6,800,0.3,126,722,0.0922496556388818,0.4750756354312266
10-6,1000,0.3,126,722,0.09257214741420317,0.47673643279703887
10-6,1200,0.3,126,722,0.09174502755561857,0.47247685600324496
10-6,400,0.5,126,722,0.11234907691569909,0.5785854563487504
10-6,600,0.5,126,722,0.11085570787000483,0.5708947691217566
10-6,800,0.5,126,722,0.11210009405741396,0.5773032218645987
10-6,1000,0.5,126,722,0.11210544780760401,0.5773307930924354
10-6,1200,0.5,126,722,0.11040529799667644,0.5685752075440568
10-6,400,0.7,126,722,0.12589864413320126,0.6483642453435988
10-6,600,0.7,126,722,0.1249657331023426,0.6435598555849971
10-6,800,0.7,126,722,0.12559111538078765,0.6467805059089695
10-6,1000,0.7,126,722,0.1259459537427387,0.6486078846575599
10-6,1200,0.7,126,722,0.12442837488705231,0.6407925195573966
10-6,400,0.9,126,722,0.13314239147270762,0.6856687517548811
10-6,600,0.9,126,722,0.13244432563496397,0.6820737890513117
10-6,800,0.9,126,722,0.13278296417105925,0.6838177404688296
10-6,1000,0.9,126,722,0.13324676884176126,0.6862062837877583
10-6,1200,0.9,126,722,0.1318750348815867,0.6791420039456355
10-6,400,0.1,126,723,0.09040992659917439,0.4656012321230814
10-6,600,0.1,126,723,0.08247125707669957,0.42471795248644045
10-6,800,0.1,126,723,0.08712768696202397,0.44869805703307525
10-6,1000,0.1,126,723,0.08241318021863861,0.42441886302040316
10-6,1200,0.1,126,723,0.0832652884641039,0.42880712727317494
10-6,400,0.3,126,723,0.09133785483049632,0.47037996100913304
10-6,600,0.3,126,723,0.09190265686848495,0.47328862972157437
10-6,800,0.3,126,723,0.09287001908767868,0.47827043933151636
10-6,1000,0.3,126,723,0.09218358926112129,0.47473540081270316
10-6,1200,0.3,126,723,0.09226432593156403,0.47515118583376964
10-6,400,0.5,126,723,0.11175199056130891,0.5755105269383942
10-6,600,0.5,126,723,0.11093394161477392,0.5712976643493966
10-6,800,0.5,126,723,0.1127024077311272,0.5804050713976568
10-6,1000,0.5,126,723,0.11196543573400466,0.5766097462291969
10-6,1200,0.5,126,723,0.1117910375479863,0.5757116146484671
10-6,400,0.7,126,723,0.12574574582486642,0.6475768357810864
10-6,600,0.7,126,723,0.124851012570801,0.6429690573967363
10-6,800,0.7,126,723,0.12634660517079765,0.6506711956851547
10-6,1000,0.7,126,723,0.12553682309415945,0.6465009065718199
10-6,1200,0.7,126,723,0.1252382698500266,0.6449633900230136
10-6,400,0.9,126,723,0.13306238582532556,0.6852567314226111
10-6,600,0.9,126,723,0.1322395580136602,0.6810192582009479
10-6,800,0.9,126,723,0.13367501836832477,0.6884117220037198
10-6,1000,0.9,126,723,0.13269727118493496,0.6833764309641701
10-6,1200,0.9,126,723,0.132363358053101,0.6816568148616903
10-6,400,0.1,126,724,0.09123565207417184,0.46985362799393193
10-6,600,0.1,126,724,0.08262084931866492,0.4254883361687977
10-6,800,0.1,126,724,0.08232190807409731,0.42394882146019536
10-6,1000,0.1,126,724,0.0824997127090524,0.4248644958803209
10-6,1200,0.1,126,724,0.08463468483748762,0.4358593687990315
10-6,400,0.3,126,724,0.09176644494799485,0.472587153231153
10-6,600,0.3,126,724,0.09208041365360625,0.47420405772029006
10-6,800,0.3,126,724,0.09176121678101239,0.47256022874309794
10-6,1000,0.3,126,724,0.09237444261196506,0.4757182746922678
10-6,1200,0.3,126,724,0.09182384030852145,0.4728827330594368
10-6,400,0.5,126,724,0.11099165710055717,0.5715948927877339
10-6,600,0.5,126,724,0.11061737123556256,0.5696673615258145
10-6,800,0.5,126,724,0.1105210276980142,0.5691712028463757
10-6,1000,0.5,126,724,0.11233664498367824,0.5785214332587612
10-6,1200,0.5,126,724,0.11125322973775667,0.5729419632561097
10-6,400,0.7,126,724,0.12502957917863564,0.6438886558938399
10-6,600,0.7,126,724,0.12451466963987624,0.6412369280947323
10-6,800,0.7,126,724,0.12448136911471448,0.6410654340328645
10-6,1000,0.7,126,724,0.1257617396126197,0.6476592020384693
10-6,1200,0.7,126,724,0.1251870571885617,0.6446996504185776
10-6,400,0.9,126,724,0.13253448711836122,0.6825381108281218
10-6,600,0.9,126,724,0.1321353188075787,0.6804824376922637
10-6,800,0.9,126,724,0.13206098370158914,0.6800996200278695
10-6,1000,0.9,126,724,0.13291560949530623,0.6845008493787457
10-6,1200,0.9,126,724,0.132540959887332,0.6825714448802708
10-6,400,0.1,126,725,0.08274101595810802,0.4261071812170063
10-6,600,0.1,126,725,0.08780483339238856,0.4521852870769981
10-6,800,0.1,126,725,0.08769968497410631,0.45164378422493784
10-6,1000,0.1,126,725,0.08336439550932886,0.4293175177148506
10-6,1200,0.1,126,725,0.08435636622475481,0.43442605838848675
10-6,400,0.3,126,725,0.09192512810927166,0.47340435415351656
10-6,600,0.3,126,725,0.09324244926462556,0.480188414002982
10-6,800,0.3,126,725,0.09273492903040384,0.477574740313934
10-6,1000,0.3,126,725,0.09211049167406087,0.474358956235423
10-6,1200,0.3,126,725,0.09229127377205053,0.47528996426447445
10-6,400,0.5,126,725,0.11163443323003297,0.5749051195418166
10-6,600,0.5,126,725,0.11286920973503457,0.5812640834714546
10-6,800,0.5,126,725,0.11340529804500296,0.5840248796255613
10-6,1000,0.5,126,725,0.11030342000206542,0.5680505470161546
10-6,1200,0.5,126,725,0.11078670896867218,0.5705394323276228
10-6,400,0.7,126,725,0.12547809232398777,0.6461984495299433
10-6,600,0.7,126,725,0.12613477270878648,0.6495802816779647
10-6,800,0.7,126,725,0.12664720130520002,0.6522192328953791
10-6,1000,0.7,126,725,0.12470179257390833,0.6422005907357837
10-6,1200,0.7,126,725,0.12465339977329416,0.6419513731062669
10-6,400,0.9,126,725,0.13270058041601263,0.6833934731422262
10-6,600,0.9,126,725,0.13306413069444686,0.6852657173077161
10-6,800,0.9,126,725,0.1334658632252024,0.6873345958959375
10-6,1000,0.9,126,725,0.13238471968157173,0.6817668249115846
10-6,1200,0.9,126,725,0.13226617340617033,0.6811563245609407
10-6,400,0.1,136,721,0.08155384806127255,0.4199933964115598
10-6,600,0.1,136,721,0.08552782211762221,0.4404589280922199
10-6,800,0.1,136,721,0.08710499056140472,0.4485811730526255
10-6,1000,0.1,136,721,0.0838065461260693,0.43159454502459527
10-6,1200,0.1,136,721,0.08605537464550694,0.44317576590231744
10-6,400,0.3,136,721,0.09125060465210705,0.46993063213464886
10-6,600,0.3,136,721,0.09167651418204002,0.47212401962393336
10-6,800,0.3,136,721,0.0915872476160581,0.4716643065739179
10-6,1000,0.3,136,721,0.09195164449796299,0.4735409106546724
10-6,1200,0.3,136,721,0.09194460803864006,0.47350467365887144
10-6,400,0.5,136,721,0.10951885139284852,0.5640101045019604
10-6,600,0.5,136,721,0.11112569691667103,0.5722851831782222
10-6,800,0.5,136,721,0.10987801240161917,0.5658597444088211
10-6,1000,0.5,136,721,0.11175479601777721,0.5755249747323196
10-6,1200,0.5,136,721,0.11050752878362949,0.5691016849139288
10-6,400,0.7,136,721,0.12392688121298949,0.6382098819939267
10-6,600,0.7,136,721,0.12492144110263796,0.6433317566315813
10-6,800,0.7,136,721,0.12419681614171575,0.6396000173489216
10-6,1000,0.7,136,721,0.12544210576379108,0.6460131226814687
10-6,1200,0.7,136,721,0.1248144891394485,0.642780965720537
10-6,400,0.9,136,721,0.13173441562814678,0.6784178301726368
10-6,600,0.9,136,721,0.13226248449378206,0.6811373270656679
10-6,800,0.9,136,721,0.13217200625989908,0.6806713740585053
10-6,1000,0.9,136,721,0.1328692101134317,0.6842618976376795
10-6,1200,0.9,136,721,0.13242832950650968,0.6819914107395745
10-6,400,0.1,136,722,0.08418917932154707,0.4335650641253957
10-6,600,0.1,136,722,0.08314710998392354,0.42819852102768646
10-6,800,0.1,136,722,0.08510369411638145,0.43827471528082057
10-6,1000,0.1,136,722,0.08302661858895054,0.42757800352402364
10-6,1200,0.1,136,722,0.08190947247070476,0.4218248232186931
10-6,400,0.3,136,722,0.09279119267275436,0.4778644919174086
10-6,600,0.3,136,722,0.09186784914500883,0.4731093737532587
10-6,800,0.3,136,722,0.09224911454835763,0.4750728488742166
10-6,1000,0.3,136,722,0.0925721336977378,0.47673636215874265
10-6,1200,0.3,136,722,0.09174508701804877,0.472477162228256
10-6,400,0.5,136,722,0.11234896935753154,0.5785849024359532
10-6,600,0.5,136,722,0.11085566837867525,0.5708945657457292
10-6,800,0.5,136,722,0.1120997055596473,0.5773012211435978
10-6,1000,0.5,136,722,0.11210548794837072,0.5773309998129931
10-6,1200,0.5,136,722,0.11040529615219154,0.5685751980451613
10-6,400,0.7,136,722,0.1258985556345006,0.6483637895849711
10-6,600,0.7,136,722,0.12496578797556065,0.6435601381760675
10-6,800,0.7,136,722,0.12559072156160847,0.6467784777832762
10-6,1000,0.7,136,722,0.12594607489800227,0.6486085085939142
10-6,1200,0.7,136,722,0.1244283663022024,0.6407924753463585
10-6,400,0.9,136,722,0.13314241509901037,0.6856688734277557
10-6,600,0.9,136,722,0.13244434581562547,0.6820738929795108
10-6,800,0.9,136,722,0.1327827160519258,0.6838164626824338
10-6,1000,0.9,136,722,0.1332467327193949,0.686206097761523
10-6,1200,0.9,136,722,0.13187493209376633,0.6791414745996045
10-6,400,0.1,136,723,0.09040979442184244,0.46560055142428064
10-6,600,0.1,136,723,0.08247116676896872,0.4247174874115053
10-6,800,0.1,136,723,0.08712851120420516,0.44870230179014525
10-6,1000,0.1,136,723,0.08241338768274785,0.4244199314378714
10-6,1200,0.1,136,723,0.08326531408518445,0.4288072592189371
10-6,400,0.3,136,723,0.09133764438189956,0.47037887722188054
10-6,600,0.3,136,723,0.09190294129185642,0.4732900944708246
10-6,800,0.3,136,723,0.0928701914101059,0.47827132677316636
10-6,1000,0.3,136,723,0.09218385227945211,0.4747367553283356
10-6,1200,0.3,136,723,0.09226441462086847,0.4751516425739859
10-6,400,0.5,136,723,0.1117518722835338,0.5755099178207906
10-6,600,0.5,136,723,0.11093421503644689,0.571299072441103
10-6,800,0.5,136,723,0.11270263420813792,0.5804062377294879
10-6,1000,0.5,136,723,0.11196570536489524,0.5766111347987887
10-6,1200,0.5,136,723,0.11179127285655556,0.5757128264618586
10-6,400,0.7,136,723,0.12574550642499957,0.6475756028979598
10-6,600,0.7,136,723,0.12485126571448082,0.6429703610589962
10-6,800,0.7,136,723,0.12634659303522427,0.6506711331882794
10-6,1000,0.7,136,723,0.125536746554331,0.6465005124000761
10-6,1200,0.7,136,723,0.12523830554092288,0.6449635738272252
10-6,400,0.9,136,723,0.13306238265336343,0.6852567150873531
10-6,600,0.9,136,723,0.1322395628933071,0.6810192833305957
10-6,800,0.9,136,723,0.13367492101323752,0.6884112206356701
10-6,1000,0.9,136,723,0.13269708410460943,0.6833754675209582
10-6,1200,0.9,136,723,0.1323633916188424,0.6816569877215867
10-6,400,0.1,136,724,0.0912355344595875,0.46985302229168835
10-6,600,0.1,136,724,0.0826214443337802,0.4254914004315532
10-6,800,0.1,136,724,0.0823221804493224,0.4239502241628097
10-6,1000,0.1,136,724,0.08249997968168844,0.42486587076019255
10-6,1200,0.1,136,724,0.08463432449748612,0.435857513087441
10-6,400,0.3,136,724,0.09176626001700917,0.4725862008568062
10-6,600,0.3,136,724,0.09208055424586153,0.4742047817550255
10-6,800,0.3,136,724,0.09176123806078504,0.47256033833159933
10-6,1000,0.3,136,724,0.09237433889466362,0.4757177405595109
10-6,1200,0.3,136,724,0.09182399669127492,0.47288353841351055
10-6,400,0.5,136,724,0.11099135265947613,0.5715933249494691
10-6,600,0.5,136,724,0.11061727653639847,0.5696668738354785
10-6,800,0.5,136,724,0.11052107008509965,0.569171421135229
10-6,1000,0.5,136,724,0.1123367173596356,0.5785218059870244
10-6,1200,0.5,136,724,0.11125304887433089,0.5729410318292515
10-6,400,0.7,136,724,0.12502937448795037,0.6438876017592017
10-6,600,0.7,136,724,0.12451484248927092,0.6412378182502071
10-6,800,0.7,136,724,0.12448152495994047,0.6410662366187306
10-6,1000,0.7,136,724,0.12576194570334803,0.6476602633831762
10-6,1200,0.7,136,724,0.12518677448760074,0.644698194539553
10-6,400,0.9,136,724,0.13253448375099056,0.6825380934865313
10-6,600,0.9,136,724,0.13213530724978612,0.6804823781708962
10-6,800,0.9,136,724,0.13206110391777912,0.6801002391280976
10-6,1000,0.9,136,724,0.1329157025979554,0.6845013288472045
10-6,1200,0.9,136,724,0.13254093859691202,0.6825713352369368
10-6,400,0.1,136,725,0.08274061624845054,0.42610512275599416
10-6,600,0.1,136,725,0.0878033708859068,0.45217775532859933
10-6,800,0.1,136,725,0.08769916618411322,0.4516411125132234
10-6,1000,0.1,136,725,0.08336480212074385,0.4293196117191589
10-6,1200,0.1,136,725,0.08435694677879953,0.4344290481783107
10-6,400,0.3,136,725,0.09192497384421328,0.4734035597053408
10-6,600,0.3,136,725,0.09324245857252902,0.4801884619376667
10-6,800,0.3,136,725,0.09273449669326342,0.4775725138249538
10-6,1000,0.3,136,725,0.09211042419302728,0.47435860871548174
10-6,1200,0.3,136,725,0.09229157348885877,0.4752915077732512
10-6,400,0.5,136,725,0.11163446900832008,0.5749053037960814
10-6,600,0.5,136,725,0.11286909880627097,0.5812635122004565
10-6,800,0.5,136,725,0.11340498275117807,0.5840232558968528
10-6,1000,0.5,136,725,0.11030337099719165,0.5680502946464153
10-6,1200,0.5,136,725,0.11078692675789317,0.5705405539182872
10-6,400,0.7,136,725,0.12547806882606524,0.6461983285182127
10-6,600,0.7,136,725,0.12613478656485763,0.6495803530352154
10-6,800,0.7,136,725,0.12664711306510928,0.6522187784685644
10-6,1000,0.7,136,725,0.1247015958351727,0.6421995775528163
10-6,1200,0.7,136,725,0.12465358859082316,0.6419523454958866
10-6,400,0.9,136,725,0.13270043009943283,0.6833926990282833
10-6,600,0.9,136,725,0.13306415984825093,0.6852658674466179
10-6,800,0.9,136,725,0.13346571066546678,0.6873338102299874
10-6,1000,0.9,136,725,0.13238454452076961,0.6817659228526144
10-6,1200,0.9,136,725,0.13226642318793264,0.6811576109096931
10-6,400,0.1,146,721,0.08155342009470967,0.41999119243057587
10-6,600,0.1,146,721,0.08552708337670104,0.4404551236572861
10-6,800,0.1,146,721,0.08710479495775207,0.44858016571521125
10-6,1000,0.1,146,721,0.08380485969101031,0.4315858600685191
10-6,1200,0.1,146,721,0.08605468371556571,0.44317220768870036
10-6,400,0.3,146,721,0.09125077227183032,0.4699314953578879
10-6,600,0.3,146,721,0.0916768547159418,0.47212577333627676
10-6,800,0.3,146,721,0.09158718697590561,0.47166399428376593
10-6,1000,0.3,146,721,0.09195153605995685,0.4735403522108027
10-6,1200,0.3,146,721,0.09194497378063343,0.4735065571901291
10-6,400,0.5,146,721,0.10951854913032087,0.5640085478830074
10-6,600,0.5,146,721,0.11112573620825014,0.5722853855255566
10-6,800,0.5,146,721,0.10987798977954913,0.5658596279076351
10-6,1000,0.5,146,721,0.11175497465427671,0.575525894690751
10-6,1200,0.5,146,721,0.11050764307212346,0.5691022734871709
10-6,400,0.7,146,721,0.12392675290882853,0.6382092212415328
10-6,600,0.7,146,721,0.1249213307182802,0.6433311881642136
10-6,800,0.7,146,721,0.1241968348512823,0.6396001137011427
10-6,1000,0.7,146,721,0.1254424777914735,0.6460150385833373
10-6,1200,0.7,146,721,0.12481449615339191,0.6427810018415784
10-6,400,0.9,146,721,0.13173427026634738,0.6784170815752709
10-6,600,0.9,146,721,0.1322624324015228,0.6811370587962311
10-6,800,0.9,146,721,0.1321720702397918,0.6806717035479541
10-6,1000,0.9,146,721,0.1328690049598751,0.6842608411193047
10-6,1200,0.9,146,721,0.13242827519817066,0.6819911310575694
10-6,400,0.1,146,722,0.08418970533044152,0.4335677730136625
10-6,600,0.1,146,722,0.08314740748212891,0.4282000531109011
10-6,800,0.1,146,722,0.08510304867261412,0.4382713913160233
10-6,1000,0.1,146,722,0.08302735408235813,0.42758179123461776
10-6,1200,0.1,146,722,0.0819102469153707,0.42182881152400686
10-6,400,0.3,146,722,0.092791360175173,0.47786535453654166
10-6,600,0.3,146,722,0.09186742300669891,0.4731071791875775
10-6,800,0.3,146,722,0.09224976178848056,0.47507618209004865
10-6,1000,0.3,146,722,0.09257225623396814,0.4767369932069248
10-6,1200,0.3,146,722,0.09174532251661063,0.47247837502008855
10-6,400,0.5,146,722,0.11234902953050104,0.5785852123201638
10-6,600,0.5,146,722,0.11085530999282392,0.5708927200977983
10-6,800,0.5,146,722,0.11210012919516753,0.5773034028201859
10-6,1000,0.5,146,722,0.11210575832649794,0.5773323922307718
10-6,1200,0.5,146,722,0.110405366554765,0.5685755606107135
10-6,400,0.7,146,722,0.12589853264925638,0.6483636712134778
10-6,600,0.7,146,722,0.1249655423768397,0.6435588733695204
10-6,800,0.7,146,722,0.12559137104954538,0.6467818225751044
10-6,1000,0.7,146,722,0.12594623985880485,0.6486093581240026
10-6,1200,0.7,146,722,0.12442838181265983,0.6407925552235176
10-6,400,0.9,146,722,0.13314248329893424,0.6856692246499033
10-6,600,0.9,146,722,0.13244424410752892,0.6820733691939393
10-6,800,0.9,146,722,0.13278283110986436,0.6838170552182313
10-6,1000,0.9,146,722,0.13324679367703168,0.6862064116866843
10-6,1200,0.9,146,722,0.1318749257861256,0.6791414421159447
10-6,400,0.1,146,723,0.09040902573440103,0.46559659276804344
10-6,600,0.1,146,723,0.08247154556576668,0.4247194381735785
10-6,800,0.1,146,723,0.08712803902186089,0.4486998701027239
10-6,1000,0.1,146,723,0.0824135242076224,0.42442063452604095
10-6,1200,0.1,146,723,0.08326501825279488,0.4288057357144916
10-6,400,0.3,146,723,0.09133776736371611,0.4703795105647829
10-6,600,0.3,146,723,0.09190310528041899,0.4732909389939833
10-6,800,0.3,146,723,0.09286955755821111,0.4782680625052447
10-6,1000,0.3,146,723,0.09218400316875817,0.47473753239175615
10-6,1200,0.3,146,723,0.09226454581115845,0.4751523181896285
10-6,400,0.5,146,723,0.11175200137858615,0.5755105826461887
10-6,600,0.5,146,723,0.11093442045183259,0.5713001303078692
10-6,800,0.5,146,723,0.1127023043622499,0.5804045390592462
10-6,1000,0.5,146,723,0.11196597447027745,0.5766125206620698
10-6,1200,0.5,146,723,0.11179141201835993,0.5757135431299283
10-6,400,0.7,146,723,0.12574548668478372,0.6475755012380076
10-6,600,0.7,146,723,0.12485144122559454,0.6429712649220328
10-6,800,0.7,146,723,0.12634660853919738,0.6506712130320449
10-6,1000,0.7,146,723,0.12553687397639227,0.646501168609753
10-6,1200,0.7,146,723,0.1252382515205196,0.6449632956280575
10-6,400,0.9,146,723,0.13306229643629525,0.6852562710788831
10-6,600,0.9,146,723,0.13223955424590567,0.6810192387974242
10-6,800,0.9,146,723,0.13367491872373863,0.6884112088450012
10-6,1000,0.9,146,723,0.13269719240117,0.6833760252363987
10-6,1200,0.9,146,723,0.13236334016818804,0.6816567227563449
10-6,400,0.1,146,724,0.09123638954958573,0.4698574259116417
10-6,600,0.1,146,724,0.08262129464578057,0.4254906295547293
10-6,800,0.1,146,724,0.0823224984525223,0.4239518618445031
10-6,1000,0.1,146,724,0.08249970906790834,0.4248644771288272
10-6,1200,0.1,146,724,0.0846347912810597,0.4358599169717839
10-6,400,0.3,146,724,0.0917667350735677,0.47258864734611655
10-6,600,0.3,146,724,0.09208051729969709,0.4742045914863201
10-6,800,0.3,146,724,0.0917615753486998,0.4725620753274647
10-6,1000,0.3,146,724,0.09237455288476258,0.4757188425851123
10-6,1200,0.3,146,724,0.09182398523708576,0.47288347942568937
10-6,400,0.5,146,724,0.11099158486953468,0.5715945208058694
10-6,600,0.5,146,724,0.11061756421229411,0.5696683553348725
10-6,800,0.5,146,724,0.11052169536002178,0.5691746412326797
10-6,1000,0.5,146,724,0.11233635476944019,0.5785199386871815
10-6,1200,0.5,146,724,0.11125304564380978,0.5729410151924211
10-6,400,0.7,146,724,0.12502959599186408,0.6438887424801272
10-6,600,0.7,146,724,0.12451493433687176,0.6412382912553043
10-6,800,0.7,146,724,0.12448190942532751,0.6410682165734175
10-6,1000,0.7,146,724,0.1257617678370204,0.6476593473910455
10-6,1200,0.7,146,724,0.12518688448533027,0.6446987610158276
10-6,400,0.9,146,724,0.13253448963262915,0.6825381237763266
10-6,600,0.9,146,724,0.1321354138917361,0.6804829273652732
10-6,800,0.9,146,724,0.13206121210366478,0.6801007962735744
10-6,1000,0.9,146,724,0.1329156739036956,0.6845011810749053
10-6,1200,0.9,146,724,0.1325408980285449,0.682571126314284
10-6,400,0.1,146,725,0.08274013528101128,0.42610264582629453
10-6,600,0.1,146,725,0.08780351389334391,0.452178491801257
10-6,800,0.1,146,725,0.08769904503806299,0.45164048862431677
10-6,1000,0.1,146,725,0.08336346202056674,0.4293127103498392
10-6,1200,0.1,146,725,0.08435568285491508,0.4344225391085653
10-6,400,0.3,146,725,0.09192511808518555,0.47340430253056964
10-6,600,0.3,146,725,0.09324266635502591,0.4801895319947965
10-6,800,0.3,146,725,0.09273431263495946,0.47757156594482236
10-6,1000,0.3,146,725,0.09211049511250685,0.4743589739430437
10-6,1200,0.3,146,725,0.0922914510895624,0.475290877430264
10-6,400,0.5,146,725,0.11163430820089265,0.5749044756554208
10-6,600,0.5,146,725,0.11286943299385178,0.5812652332299413
10-6,800,0.5,146,725,0.11340459252159166,0.5840212462571697
10-6,1000,0.5,146,725,0.1103037265461239,0.5680521256845232
10-6,1200,0.5,146,725,0.11078686079760061,0.5705402142299958
10-6,400,0.7,146,725,0.1254781397195028,0.6461986936116612
10-6,600,0.7,146,725,0.12613492488800856,0.6495810653843116
10-6,800,0.7,146,725,0.12664672207433225,0.6522167649088327
10-6,1000,0.7,146,725,0.1247018600807469,0.6422009383886179
10-6,1200,0.7,146,725,0.1246535987792522,0.6419523979651817
10-6,400,0.9,146,725,0.13270058662510154,0.683393505118355
10-6,600,0.9,146,725,0.1330640803308318,0.6852654579406078
10-6,800,0.9,146,725,0.1334657271760723,0.6873338952577998
10-6,1000,0.9,146,725,0.1323846923956715,0.6817666843921832
10-6,1200,0.9,146,725,0.13226636538410388,0.6811573132262981
10-6,400,0.1,156,721,0.08155401528190682,0.4199942575795342
10-6,600,0.1,156,721,0.08552742844891657,0.440456900741449
10-6,800,0.1,156,721,0.08710458156055695,0.4485790667429997
10-6,1000,0.1,156,721,0.08380607631270225,0.4315921255371474
10-6,1200,0.1,156,721,0.08605510338797458,0.4431743689556984
10-6,400,0.3,156,721,0.09125055974861761,0.4699304008865902
10-6,600,0.3,156,721,0.09167657657532069,0.4721243409425036
10-6,800,0.3,156,721,0.09158716729558741,0.47166389293228006
10-6,1000,0.3,156,721,0.09195157430606321,0.47354054917406674
10-6,1200,0.3,156,721,0.09194484229176504,0.47350588003684035
10-6,400,0.5,156,721,0.10951895574475934,0.5640106419028862
10-6,600,0.5,156,721,0.1111254744780876,0.5722840376438499
10-6,800,0.5,156,721,0.10987787248557002,0.5658590238564734
10-6,1000,0.5,156,721,0.11175501391123284,0.5755260968597808
10-6,1200,0.5,156,721,0.11050803403702762,0.56910428691366
10-6,400,0.7,156,721,0.12392675573540317,0.638209235798083
10-6,600,0.7,156,721,0.12492123297297635,0.6433306847865911
10-6,800,0.7,156,721,0.12419660954397793,0.6395989533931713
10-6,1000,0.7,156,721,0.12544242004656483,0.6460147412033743
10-6,1200,0.7,156,721,0.12481483640258134,0.6427827540876844
10-6,400,0.9,156,721,0.13173467050414925,0.6784191427561689
10-6,600,0.9,156,721,0.13226235443045234,0.6811366572537474
10-6,800,0.9,156,721,0.13217192792456614,0.6806709706401097
10-6,1000,0.9,156,721,0.13286891353682576,0.6842603703006013
10-6,1200,0.9,156,721,0.13242839207280588,0.6819917329491559
10-6,400,0.1,156,722,0.08418918386857208,0.4335650875420771
10-6,600,0.1,156,722,0.08314691258665506,0.4281975044533469
10-6,800,0.1,156,722,0.08510300951027208,0.4382711896342458
10-6,1000,0.1,156,722,0.08302705000373377,0.4275802252629652
10-6,1200,0.1,156,722,0.08190917498919778,0.4218232912214734
10-6,400,0.3,156,722,0.09279125006217132,0.47786478746662814
10-6,600,0.3,156,722,0.09186798802229489,0.47311008895609025
10-6,800,0.3,156,722,0.09224937951269105,0.4750742134115495
10-6,1000,0.3,156,722,0.09257213919977252,0.4767363904936196
10-6,1200,0.3,156,722,0.09174516294539542,0.47247755324578555
10-6,400,0.5,156,722,0.11234911043113925,0.578585628949601
10-6,600,0.5,156,722,0.11085549171190337,0.5708936559311795
10-6,800,0.5,156,722,0.11209989704260663,0.5773022072598922
10-6,1000,0.5,156,722,0.11210553200336368,0.5773312266913876
10-6,1200,0.5,156,722,0.11040516665441599,0.5685745311457829
10-6,400,0.7,156,722,0.12589874737040915,0.6483647770039265
10-6,600,0.7,156,722,0.12496569115536657,0.643559639562659
10-6,800,0.7,156,722,0.1255910588261027,0.6467802146585284
10-6,1000,0.7,156,722,0.12594616686053625,0.6486089821909045
10-6,1200,0.7,156,722,0.12442833884853986,0.6407923339629996
10-6,400,0.9,156,722,0.133142511469874,0.6856693697271614
10-6,600,0.9,156,722,0.13244422281919116,0.6820732595613286
10-6,800,0.9,156,722,0.13278293107482206,0.6838175700268284
10-6,1000,0.9,156,722,0.13324691296564206,0.6862070260099788
10-6,1200,0.9,156,722,0.13187487755932306,0.6791411937531872
10-6,400,0.1,156,723,0.0904090601532473,0.4655967700213367
10-6,600,0.1,156,723,0.08247140997433809,0.4247187398925535
10-6,800,0.1,156,723,0.08712846151005779,0.4487020458707223
10-6,1000,0.1,156,723,0.0824138213106412,0.424422164574088
10-6,1200,0.1,156,723,0.08326523011560671,0.4288068267847971
10-6,400,0.3,156,723,0.0913377895950928,0.47037962505394093
10-6,600,0.3,156,723,0.09190299365566501,0.47329036413871084
10-6,800,0.3,156,723,0.09287005486185389,0.47827062356460537
10-6,1000,0.3,156,723,0.09218391749847074,0.47473709119914725
10-6,1200,0.3,156,723,0.092264286994352,0.47515098531138705
10-6,400,0.5,156,723,0.11175190600387969,0.5755100914768834
10-6,600,0.5,156,723,0.11093412816275734,0.571298625051105
10-6,800,0.5,156,723,0.1127026053629051,0.5804060891796943
10-6,1000,0.5,156,723,0.11196566493781819,0.5766109266037641
10-6,1200,0.5,156,723,0.11179111760987248,0.575712026958423
10-6,400,0.7,156,723,0.12574540156397124,0.6475750628751346
10-6,600,0.7,156,723,0.12485120638920487,0.6429700555403146
10-6,800,0.7,156,723,0.12634676497873584,0.6506720186785552
10-6,1000,0.7,156,723,0.12553681639741493,0.6465008720843183
10-6,1200,0.7,156,723,0.12523828090098932,0.6449634469342628
10-6,400,0.9,156,723,0.13306221133602053,0.6852558328217774
10-6,600,0.9,156,723,0.13223960046321645,0.6810194768115191
10-6,800,0.9,156,723,0.13367505624887616,0.6884119170844157
10-6,1000,0.9,156,723,0.13269720455050088,0.6833760878041237
10-6,1200,0.9,156,723,0.13236339789380025,0.6816570200369332
10-6,400,0.1,156,724,0.09123586191234778,0.46985470863758405
10-6,600,0.1,156,724,0.08262143651030081,0.42549136014149014
10-6,800,0.1,156,724,0.08232239483306995,0.42395132821565834
10-6,1000,0.1,156,724,0.08249985006001181,0.42486520322273713
10-6,1200,0.1,156,724,0.08463453662578536,0.43585860552497757
10-6,400,0.3,156,724,0.09176646662193629,0.4725872648495805
10-6,600,0.3,156,724,0.09208063790521664,0.4742052125915529
10-6,800,0.3,156,724,0.09176150884265719,0.4725617328286203
10-6,1000,0.3,156,724,0.09237424791405918,0.4757172720193503
10-6,1200,0.3,156,724,0.09182395985440957,0.47288334870768356
10-6,400,0.5,156,724,0.11099180554144947,0.5715956572420914
10-6,600,0.5,156,724,0.11061747551481517,0.5696678985525585
10-6,800,0.5,156,724,0.11052153026361371,0.5691737910042379
10-6,1000,0.5,156,724,0.11233632648438338,0.578519793022233
10-6,1200,0.5,156,724,0.11125300623014758,0.5729408122163722
10-6,400,0.7,156,724,0.1250296252942373,0.6438888933841439
10-6,600,0.7,156,724,0.12451492286474271,0.6412382321750946
10-6,800,0.7,156,724,0.12448165642520216,0.6410669136504474
10-6,1000,0.7,156,724,0.12576169576293378,0.6476589762173836
10-6,1200,0.7,156,724,0.1251869150955822,0.6446989186552765
10-6,400,0.9,156,724,0.13253456742118278,0.6825385243788685
10-6,600,0.9,156,724,0.13213540978613653,0.6804829062218843
10-6,800,0.9,156,724,0.13206117423616406,0.680100601260088
10-6,1000,0.9,156,724,0.1329157003181043,0.6845013171062206
10-6,1200,0.9,156,724,0.1325410380122718,0.6825718472151647
10-6,400,0.1,156,725,0.08274080966811301,0.42610611884609784
10-6,600,0.1,156,725,0.08780346083755927,0.4521782185697698
10-6,800,0.1,156,725,0.08769897123980885,0.4516401085713807
10-6,1000,0.1,156,725,0.083364114495539,0.42931607052457266
10-6,1200,0.1,156,725,0.08435714914430739,0.43443009033853963
10-6,400,0.3,156,725,0.09192500408369389,0.4734037154353581
10-6,600,0.3,156,725,0.09324262708369,0.48018932975171236
10-6,800,0.3,156,725,0.09273459876428086,0.47757303947952817
10-6,1000,0.3,156,725,0.09211026912083023,0.47435781011063016
10-6,1200,0.3,156,725,0.09229165346152769,0.47529191962374795
10-6,400,0.5,156,725,0.11163444418364624,0.5749051759517267
10-6,600,0.5,156,725,0.11286887248149176,0.581262346652601
10-6,800,0.5,156,725,0.11340487934160333,0.5840227233488547
10-6,1000,0.5,156,725,0.11030349298320602,0.5680509228610454
10-6,1200,0.5,156,725,0.11078685859865602,0.5705402029056716
10-6,400,0.7,156,725,0.12547812658769394,0.646198625984282
10-6,600,0.7,156,725,0.12613459782736525,0.6495793810577755
10-6,800,0.7,156,725,0.1266470805588984,0.6522186110651341
10-6,1000,0.7,156,725,0.12470170146148406,0.6422001215167655
10-6,1200,0.7,156,725,0.12465351082774934,0.6419519450245629
10-6,400,0.9,156,725,0.13270049496438885,0.6833930330757112
10-6,600,0.9,156,725,0.1330640807876692,0.6852654602932704
10-6,800,0.9,156,725,0.13346584233109524,0.6873344882935711
10-6,1000,0.9,156,725,0.13238466337770985,0.681766534952855
10-6,1200,0.9,156,725,0.13226634844736226,0.6811572260039315
