stim,leak_rate,tikhonov_beta,csv_seed,reservoir_seed,RMSE,NRMSE
10-6,0.01,0.001,116,721,0.07118315293350454,0.38273333541800236
10-6,0.01,0.0001,116,721,0.06219002070697077,0.33437959789626465
10-6,0.01,1e-05,116,721,0.04549266039054308,0.24460222581845925
10-6,0.01,1e-06,116,721,0.03666628965286951,0.1971451215339477
10-6,0.01,1e-07,116,721,0.031285700799271836,0.16821509197521095
10-6,0.03,0.001,116,721,0.03732457802670364,0.20068456723986897
10-6,0.03,0.0001,116,721,0.02976642942314508,0.16004636416213872
10-6,0.03,1e-05,116,721,0.02730272728334937,0.14679967729057902
10-6,0.03,1e-06,116,721,0.02514294106599125,0.1351870674426914
10-6,0.03,1e-07,116,721,0.02347229219299956,0.12620442212393543
10-6,0.05,0.001,116,721,0.0630532107080555,0.3390207464630223
10-6,0.05,0.0001,116,721,0.042626962537865735,0.2291941123498134
10-6,0.05,1e-05,116,721,0.030176318989432224,0.16225023395987956
10-6,0.05,1e-06,116,721,0.024413285364120237,0.13126389813962994
10-6,0.05,1e-07,116,721,0.02069708153146029,0.11128283479314183
10-6,0.07,0.001,116,721,0.08013474963725464,0.4308637472156299
10-6,0.07,0.0001,116,721,0.06880175687847004,0.3699291869989791
10-6,0.07,1e-05,116,721,0.052699473823964095,0.28335139088684463
10-6,0.07,1e-06,116,721,0.036295866542263786,0.19515345262360204
10-6,0.07,1e-07,116,721,0.027116419038812466,0.14579794622207615
10-6,0.09,0.001,116,721,0.08205835624231154,0.44120648059628353
10-6,0.09,0.0001,116,721,0.07873781545981198,0.4233527947632782
10-6,0.09,1e-05,116,721,0.07151689840401218,0.38452779817841654
10-6,0.09,1e-06,116,721,0.060838627438942756,0.3271135070922094
10-6,0.09,1e-07,116,721,0.04851045672146948,0.26082813332253707
10-6,0.01,0.001,116,722,0.07238857336320267,0.3892145681623617
10-6,0.01,0.0001,116,722,0.06648834349149368,0.357490563738989
10-6,0.01,1e-05,116,722,0.05056191883587651,0.2718583125879052
10-6,0.01,1e-06,116,722,0.03727509171535032,0.20041849218950578
10-6,0.01,1e-07,116,722,0.032023348768741536,0.17218123362649726
10-6,0.03,0.001,116,722,0.04025265011378776,0.21642805077565622
10-6,0.03,0.0001,116,722,0.03240460611998037,0.17423115543634715
10-6,0.03,1e-05,116,722,0.029256049737908164,0.15730218508028784
10-6,0.03,1e-06,116,722,0.02584842204322785,0.1389802555267307
10-6,0.03,1e-07,116,722,0.023655702713683814,0.12719057288348118
10-6,0.05,0.001,116,722,0.062540594992771,0.33626454482803997
10-6,0.05,0.0001,116,722,0.045426976387573544,0.24424905998491403
10-6,0.05,1e-05,116,722,0.03271040004151114,0.17587532997364747
10-6,0.05,1e-06,116,722,0.025336885070596272,0.13622985401097035
10-6,0.05,1e-07,116,722,0.02151253051630197,0.11566729230829609
10-6,0.07,0.001,116,722,0.07580380967525437,0.40757740727646036
10-6,0.07,0.0001,116,722,0.06568416238653464,0.3531666906890185
10-6,0.07,1e-05,116,722,0.05179679643975537,0.27849792891126546
10-6,0.07,1e-06,116,722,0.038597689407802276,0.20752975665851797
10-6,0.07,1e-07,116,722,0.030438579197455,0.16366033902024044
10-6,0.09,0.001,116,722,0.07610198575980824,0.40918062268179356
10-6,0.09,0.0001,116,722,0.07424759857352088,0.3992100641477095
10-6,0.09,1e-05,116,722,0.0682886193407456,0.36717017966019316
10-6,0.09,1e-06,116,722,0.058738462213932,0.31582146384360343
10-6,0.09,1e-07,116,722,0.0467267918045667,0.25123783007266576
10-6,0.01,0.001,116,723,0.07010117869461893,0.3769158407971631
10-6,0.01,0.0001,116,723,0.06201480631354288,0.3334375155854046
10-6,0.01,1e-05,116,723,0.04490576486814969,0.24144664094239532
10-6,0.01,1e-06,116,723,0.03613048118562892,0.19426421849213152
10-6,0.01,1e-07,116,723,0.031818345396238915,0.171078983707852
10-6,0.03,0.001,116,723,0.04014097028715614,0.21582757733799388
10-6,0.03,0.0001,116,723,0.03254312257209556,0.17497592244291452
10-6,0.03,1e-05,116,723,0.028415776866034206,0.1527842559684093
10-6,0.03,1e-06,116,723,0.025739708627746095,0.1383957317117926
10-6,0.03,1e-07,116,723,0.024124121879324913,0.12970914114368468
10-6,0.05,0.001,116,723,0.06323986352229138,0.3400243301933523
10-6,0.05,0.0001,116,723,0.04411787225957721,0.23721034690928566
10-6,0.05,1e-05,116,723,0.03243426682059822,0.17439063332416854
10-6,0.05,1e-06,116,723,0.024266706928826348,0.13047578394226095
10-6,0.05,1e-07,116,723,0.020958247358831533,0.11268705565282153
10-6,0.07,0.001,116,723,0.07830379315310125,0.4210191694847184
10-6,0.07,0.0001,116,723,0.06522867374425184,0.35071764649637416
10-6,0.07,1e-05,116,723,0.04946314291698339,0.26595047969508867
10-6,0.07,1e-06,116,723,0.03572215442144522,0.19206875147562472
10-6,0.07,1e-07,116,723,0.0291903052367781,0.15694869396383776
10-6,0.09,0.001,116,723,0.07831874353149527,0.4210995537884855
10-6,0.09,0.0001,116,723,0.07464559695731694,0.40134999814393946
10-6,0.09,1e-05,116,723,0.06659292940176462,0.35805289502983695
10-6,0.09,1e-06,116,723,0.05581309038203431,0.3000924988790144
10-6,0.09,1e-07,116,723,0.04410454836775548,0.23713870780161023
10-6,0.01,0.001,116,724,0.07287244337353366,0.39181621160369284
10-6,0.01,0.0001,116,724,0.06385525640342188,0.34333313796992815
10-6,0.01,1e-05,116,724,0.04746537774648123,0.2552090149583066
10-6,0.01,1e-06,116,724,0.035418846878729385,0.19043794555179172
10-6,0.01,1e-07,116,724,0.030443971499157455,0.16368933202674701
10-6,0.03,0.001,116,724,0.04127470773324613,0.22192338928714503
10-6,0.03,0.0001,116,724,0.03242564551686243,0.17434427881192138
10-6,0.03,1e-05,116,724,0.028853807975633874,0.15513943553948756
10-6,0.03,1e-06,116,724,0.025648587096931318,0.13790579489416227
10-6,0.03,1e-07,116,724,0.023786300637265504,0.12789276401763588
10-6,0.05,0.001,116,724,0.06478666502111813,0.34834108032984246
10-6,0.05,0.0001,116,724,0.046566302807939504,0.2503749223979468
10-6,0.05,1e-05,116,724,0.033678889738592135,0.18108264767181184
10-6,0.05,1e-06,116,724,0.02636851171921935,0.14177664270832468
10-6,0.05,1e-07,116,724,0.02179332311084206,0.11717704120027612
10-6,0.07,0.001,116,724,0.07928299173815676,0.42628406609368114
10-6,0.07,0.0001,116,724,0.06674196265676949,0.35885420815556346
10-6,0.07,1e-05,116,724,0.05060909989979482,0.27211199292121235
10-6,0.07,1e-06,116,724,0.037505698754042104,0.2016584063749848
10-6,0.07,1e-07,116,724,0.031247412747075175,0.1680092270574603
10-6,0.09,0.001,116,724,0.07898362392660498,0.4246744430816317
10-6,0.09,0.0001,116,724,0.07512923540803489,0.40395039654934006
10-6,0.09,1e-05,116,724,0.0673219848300631,0.3619728368177195
10-6,0.09,1e-06,116,724,0.055469832057971985,0.2982468879744076
10-6,0.09,1e-07,116,724,0.04380190735087684,0.23551148561418536
10-6,0.01,0.001,116,725,0.07063276717204456,0.37977405404917997
10-6,0.01,0.0001,116,725,0.060335687429088215,0.3244093292136795
10-6,0.01,1e-05,116,725,0.04301887558768094,0.23130132708487486
10-6,0.01,1e-06,116,725,0.03511735963917497,0.18881692692553873
10-6,0.01,1e-07,116,725,0.03061586050746184,0.16461353460500996
10-6,0.03,0.001,116,725,0.04077523763920755,0.21923786824522792
10-6,0.03,0.0001,116,725,0.032021490538959335,0.1721712424073224
10-6,0.03,1e-05,116,725,0.028110401965837587,0.15114233440005206
10-6,0.03,1e-06,116,725,0.02530184109571285,0.1360414316548271
10-6,0.03,1e-07,116,725,0.023898068551540124,0.1284937110796886
10-6,0.05,0.001,116,725,0.06883190126903291,0.3700912655620774
10-6,0.05,0.0001,116,725,0.04911076096152845,0.26405581339281947
10-6,0.05,1e-05,116,725,0.033663563636164115,0.18100024319744537
10-6,0.05,1e-06,116,725,0.026446786794892655,0.14219750747137508
10-6,0.05,1e-07,116,725,0.021696208746366328,0.11665488247168597
10-6,0.07,0.001,116,725,0.08496028363840212,0.4568093909153045
10-6,0.07,0.0001,116,725,0.07571957131196988,0.40712447946389013
10-6,0.07,1e-05,116,725,0.05851798977886794,0.3146360407910643
10-6,0.07,1e-06,116,725,0.041425734647398495,0.22273542180058847
10-6,0.07,1e-07,116,725,0.031356261047132,0.1685944761117449
10-6,0.09,0.001,116,725,0.08549973923191381,0.45970990360834996
10-6,0.09,0.0001,116,725,0.08409473620380538,0.45215556704050136
10-6,0.09,1e-05,116,725,0.07547168275881552,0.4057916470611257
10-6,0.09,1e-06,116,725,0.06360540951020448,0.3419897760809957
10-6,0.09,1e-07,116,725,0.05294582026547909,0.2846759317556295
10-6,0.01,0.001,126,721,0.0711831518676387,0.38273332968711843
10-6,0.01,0.0001,126,721,0.06219001081930242,0.3343795447328386
10-6,0.01,1e-05,126,721,0.04549273620842654,0.2446026334715376
10-6,0.01,1e-06,126,721,0.036666722446091767,0.19714744855075816
10-6,0.01,1e-07,126,721,0.0312888377982225,0.16823195880425845
10-6,0.03,0.001,126,721,0.03732457976511966,0.2006845765868806
10-6,0.03,0.0001,126,721,0.029766420573207806,0.1600463165783233
10-6,0.03,1e-05,126,721,0.02730275862587242,0.1467998458111895
10-6,0.03,1e-06,126,721,0.025143503464407035,0.13519009131298426
10-6,0.03,1e-07,126,721,0.023477535061047706,0.12623261166447317
10-6,0.05,0.001,126,721,0.06305321254826785,0.3390207563573664
10-6,0.05,0.0001,126,721,0.042626954940486544,0.22919407150067764
10-6,0.05,1e-05,126,721,0.030176186136575838,0.16224951964455706
10-6,0.05,1e-06,126,721,0.02441264557840071,0.13126045817789325
10-6,0.05,1e-07,126,721,0.020698335790632197,0.11128957861912535
10-6,0.07,0.001,126,721,0.08013474904214621,0.43086374401588634
10-6,0.07,0.0001,126,721,0.06880175047768743,0.3699291525836325
10-6,0.07,1e-05,126,721,0.05269946708956417,0.2833513546777244
10-6,0.07,1e-06,126,721,0.03629581959182163,0.1951532001832621
10-6,0.07,1e-07,126,721,0.02715489013622102,0.1460047953264158
10-6,0.09,0.001,126,721,0.082058351915594,0.44120645733264646
10-6,0.09,0.0001,126,721,0.07873786779000594,0.42335307612914713
10-6,0.09,1e-05,126,721,0.07151662900644007,0.38452634969760224
10-6,0.09,1e-06,126,721,0.06084349051399524,0.3271396545843971
10-6,0.09,1e-07,126,721,0.048687040760118885,0.26177757986021716
10-6,0.01,0.001,126,722,0.07238857344041079,0.3892145685774897
10-6,0.01,0.0001,126,722,0.06648834390027872,0.35749056593692
10-6,0.01,1e-05,126,722,0.05056194845010787,0.27185847181593986
10-6,0.01,1e-06,126,722,0.03727543062232611,0.2004203144043403
10-6,0.01,1e-07,126,722,0.032025101987797414,0.1721906602302556
10-6,0.03,0.001,126,722,0.040252648246823716,0.21642804073747518
10-6,0.03,0.0001,126,722,0.03240461147905307,0.17423118425068992
10-6,0.03,1e-05,126,722,0.029256132838625253,0.15730263189127214
10-6,0.03,1e-06,126,722,0.025848718298020882,0.13898184841185027
10-6,0.03,1e-07,126,722,0.023659112642842435,0.12720890718740893
10-6,0.05,0.001,126,722,0.06254059490496384,0.33626454435592373
10-6,0.05,0.0001,126,722,0.0454269736078183,0.24424904503889164
10-6,0.05,1e-05,126,722,0.032710189228848885,0.1758741964886858
10-6,0.05,1e-06,126,722,0.0253358703753107,0.13622439825781704
10-6,0.05,1e-07,126,722,0.021506734047762353,0.11563612620162074
10-6,0.07,0.001,126,722,0.07580381367538586,0.407577428784129
10-6,0.07,0.0001,126,722,0.06568417531757798,0.35316676021588184
10-6,0.07,1e-05,126,722,0.051797012964284454,0.27849909310745236
10-6,0.07,1e-06,126,722,0.03859680966954858,0.20752502653429256
10-6,0.07,1e-07,126,722,0.03048385560911338,0.16390377853276042
10-6,0.09,0.001,126,722,0.07610198549442673,0.4091806212549061
10-6,0.09,0.0001,126,722,0.07424765202887625,0.3992103515632792
10-6,0.09,1e-05,126,722,0.06828893798398022,0.3671718929221516
10-6,0.09,1e-06,126,722,0.058738308932680346,0.3158206396901024
10-6,0.09,1e-07,126,722,0.04674687855436128,0.25134583131214117
10-6,0.01,0.001,126,723,0.07010117762307047,0.3769158350357252
10-6,0.01,0.0001,126,723,0.06201480835829992,0.3334375265795324
10-6,0.01,1e-05,126,723,0.04490581472206598,0.24144690899396198
10-6,0.01,1e-06,126,723,0.036130661255615884,0.1942651866817084
10-6,0.01,1e-07,126,723,0.03181780830967481,0.17107609593281511
10-6,0.03,0.001,126,723,0.04014097035832773,0.21582757772066505
10-6,0.03,0.0001,126,723,0.03254312351588712,0.17497592751743674
10-6,0.03,1e-05,126,723,0.028415790583296154,0.15278432972256603
10-6,0.03,1e-06,126,723,0.025740047410755057,0.13839755326008962
10-6,0.03,1e-07,126,723,0.02412823677771179,0.12973126588415504
10-6,0.05,0.001,126,723,0.06323986309965389,0.34002432792094023
10-6,0.05,0.0001,126,723,0.04411788266871255,0.23721040287650436
10-6,0.05,1e-05,126,723,0.032434384866439535,0.17439126802601468
10-6,0.05,1e-06,126,723,0.02426893114177431,0.13048774295791524
10-6,0.05,1e-07,126,723,0.02097012496295022,0.11275091844694875
10-6,0.07,0.001,126,723,0.07830379295552913,0.4210191684224244
10-6,0.07,0.0001,126,723,0.06522865974679658,0.3507175712356907
10-6,0.07,1e-05,126,723,0.049462984498427134,0.2659496279196344
10-6,0.07,1e-06,126,723,0.035725216825255715,0.1920852172259671
10-6,0.07,1e-07,126,723,0.029231356728302776,0.15716941717751445
10-6,0.09,0.001,126,723,0.07831874034239215,0.4210995366415059
10-6,0.09,0.0001,126,723,0.0746455957151427,0.401349991465091
10-6,0.09,1e-05,126,723,0.06659309250207679,0.35805377197787747
10-6,0.09,1e-06,126,723,0.055821274175048535,0.30013650100968187
10-6,0.09,1e-07,126,723,0.04418624218145911,0.23757795423160494
10-6,0.01,0.001,126,724,0.07287244332408521,0.39181621133782135
10-6,0.01,0.0001,126,724,0.06385525702970729,0.34333314133730225
10-6,0.01,1e-05,126,724,0.047465462463812474,0.2552094704614056
10-6,0.01,1e-06,126,724,0.03541965366395664,0.1904422834265313
10-6,0.01,1e-07,126,724,0.030446778066790567,0.16370442221237422
10-6,0.03,0.001,126,724,0.04127470865493976,0.22192339424285243
10-6,0.03,0.0001,126,724,0.03242565256966662,0.1743443167330187
10-6,0.03,1e-05,126,724,0.028853825754292444,0.15513953113071965
10-6,0.03,1e-06,126,724,0.025648647012711405,0.1379061170457587
10-6,0.03,1e-07,126,724,0.023789504378666896,0.12790998970351578
10-6,0.05,0.001,126,724,0.06478666434915185,0.34834107671685427
10-6,0.05,0.0001,126,724,0.046566306777871894,0.2503749437432427
10-6,0.05,1e-05,126,724,0.03367911666464731,0.1810838677943045
10-6,0.05,1e-06,126,724,0.026369219937611887,0.1417804506147802
10-6,0.05,1e-07,126,724,0.021793965539513387,0.11718049537247856
10-6,0.07,0.001,126,724,0.07928299103395862,0.4262840623073906
10-6,0.07,0.0001,126,724,0.06674199757327333,0.3588543958925409
10-6,0.07,1e-05,126,724,0.050609422719030794,0.2721137286364459
10-6,0.07,1e-06,126,724,0.03751090968222715,0.2016864241831697
10-6,0.07,1e-07,126,724,0.03129789759011658,0.16828067095350888
10-6,0.09,0.001,126,724,0.07898361599685784,0.4246744004454398
10-6,0.09,0.0001,126,724,0.07512914105860541,0.40394988925694925
10-6,0.09,1e-05,126,724,0.06732161951705247,0.36197087262449024
10-6,0.09,1e-06,126,724,0.055466736218500554,0.29823024244919566
10-6,0.09,1e-07,126,724,0.04379850701290972,0.2354932028796046
10-6,0.01,0.001,126,725,0.07063276572087841,0.3797740462466363
10-6,0.01,0.0001,126,725,0.06033568314181676,0.3244093061621338
10-6,0.01,1e-05,126,725,0.04301885619531807,0.23130122281717364
10-6,0.01,1e-06,126,725,0.035117189302125006,0.1888160110674376
10-6,0.01,1e-07,126,725,0.030615570495923308,0.1646119752882492
10-6,0.03,0.001,126,725,0.040775242066909204,0.2192378920518304
10-6,0.03,0.0001,126,725,0.032021496079782656,0.1721712721988911
10-6,0.03,1e-05,126,725,0.028110380783291644,0.15114222050700116
10-6,0.03,1e-06,126,725,0.025301959366399857,0.13604206756561013
10-6,0.03,1e-07,126,725,0.023900316222307896,0.12850579622195077
10-6,0.05,0.001,126,725,0.06883190202577515,0.37009126963088396
10-6,0.05,0.0001,126,725,0.04911074773731049,0.2640557422896323
10-6,0.05,1e-05,126,725,0.03366350073448059,0.18099990499142124
10-6,0.05,1e-06,126,725,0.026448662408803617,0.14220759216049766
10-6,0.05,1e-07,126,725,0.021692879327454645,0.11663698105045696
10-6,0.07,0.001,126,725,0.08496027642630027,0.456809352137705
10-6,0.07,0.0001,126,725,0.07571959775903163,0.40712462166287594
10-6,0.07,1e-05,126,725,0.05851875833932797,0.31464017314115295
10-6,0.07,1e-06,126,725,0.041433778644181046,0.22277867228320694
10-6,0.07,1e-07,126,725,0.03141539722258133,0.16891243597641584
10-6,0.09,0.001,126,725,0.08549973978487042,0.45970990658145416
10-6,0.09,0.0001,126,725,0.08409487467218092,0.4521563115490127
10-6,0.09,1e-05,126,725,0.07547289800621819,0.4057981811309528
10-6,0.09,1e-06,126,725,0.06361515403866105,0.342042169880997
10-6,0.09,1e-07,126,725,0.05303594515368726,0.2851605098846751
10-6,0.01,0.001,136,721,0.0711831527789698,0.38273333458710923
10-6,0.01,0.0001,136,721,0.062190019575385676,0.3343795918120253
10-6,0.01,1e-05,136,721,0.045492703938761925,0.2446024599659276
10-6,0.01,1e-06,136,721,0.0366665152115629,0.19714633430449094
10-6,0.01,1e-07,136,721,0.031286202172466936,0.16821778772873325
10-6,0.03,0.001,136,721,0.03732457995974356,0.2006845776333228
10-6,0.03,0.0001,136,721,0.029766432536112893,0.1600463808997586
10-6,0.03,1e-05,136,721,0.02730277567291952,0.14679993746873662
10-6,0.03,1e-06,136,721,0.025143576670805155,0.13519048492478386
10-6,0.03,1e-07,136,721,0.0234752837874052,0.1262205071504888
10-6,0.05,0.001,136,721,0.06305320942993649,0.33902073959090817
10-6,0.05,0.0001,136,721,0.04262696682279721,0.22919413538877764
10-6,0.05,1e-05,136,721,0.03017631606413484,0.16225021823131489
10-6,0.05,1e-06,136,721,0.02441331904986072,0.13126407925911227
10-6,0.05,1e-07,136,721,0.020698157371883165,0.1112886193078262
10-6,0.07,0.001,136,721,0.08013475398925451,0.43086377061520353
10-6,0.07,0.0001,136,721,0.06880181061509988,0.36992947592688863
10-6,0.07,1e-05,136,721,0.05269938437919174,0.28335090996552204
10-6,0.07,1e-06,136,721,0.03629390906725717,0.19514292778861786
10-6,0.07,1e-07,136,721,0.027131325340206968,0.14587809353525844
10-6,0.09,0.001,136,721,0.0820583630325746,0.44120651710576536
10-6,0.09,0.0001,136,721,0.07873793816152122,0.4233534544985176
10-6,0.09,1e-05,136,721,0.07151695645922253,0.3845281103262125
10-6,0.09,1e-06,136,721,0.06083917509332192,0.32711645168764464
10-6,0.09,1e-07,136,721,0.048629867936167144,0.26147017642689696
10-6,0.01,0.001,136,722,0.07238857289403869,0.3892145656397888
10-6,0.01,0.0001,136,722,0.06648834039455924,0.35749054708757644
10-6,0.01,1e-05,136,722,0.05056190486691719,0.271858237480437
10-6,0.01,1e-06,136,722,0.037275436655290824,0.20042034684202548
10-6,0.01,1e-07,136,722,0.032025311272083024,0.17219178549753278
10-6,0.03,0.001,136,722,0.040252650128005336,0.21642805085210043
10-6,0.03,0.0001,136,722,0.03240460524434923,0.1742311507283058
10-6,0.03,1e-05,136,722,0.02925599964757749,0.1573019157575824
10-6,0.03,1e-06,136,722,0.025848213304244166,0.13897913319140043
10-6,0.03,1e-07,136,722,0.023656133626344153,0.1271928897889984
10-6,0.05,0.001,136,722,0.06254059484874981,0.33626454405367545
10-6,0.05,0.0001,136,722,0.04542697670829723,0.24424906170936203
10-6,0.05,1e-05,136,722,0.032710466680492316,0.17587568827415093
10-6,0.05,1e-06,136,722,0.0253377226733427,0.13623435758351085
10-6,0.05,1e-07,136,722,0.021520270735063178,0.11570890945534926
10-6,0.07,0.001,136,722,0.07580381082167596,0.4075774134404717
10-6,0.07,0.0001,136,722,0.06568414462216156,0.35316659517459575
10-6,0.07,1e-05,136,722,0.05179681051386393,0.2784980045840938
10-6,0.07,1e-06,136,722,0.03859862187775347,0.20753477030739256
10-6,0.07,1e-07,136,722,0.030465168237390573,0.1638033013859228
10-6,0.09,0.001,136,722,0.07610198741298375,0.4091806315704892
10-6,0.09,0.0001,136,722,0.07424760361360833,0.3992100912469514
10-6,0.09,1e-05,136,722,0.06828875663933069,0.36717091787904493
10-6,0.09,1e-06,136,722,0.05873935401846563,0.3158262588450838
10-6,0.09,1e-07,136,722,0.04679617320929648,0.25161087587569475
10-6,0.01,0.001,136,723,0.07010117776674771,0.3769158358082404
10-6,0.01,0.0001,136,723,0.06201479959596156,0.3334374794667136
10-6,0.01,1e-05,136,723,0.04490572449854025,0.2414464238854846
10-6,0.01,1e-06,136,723,0.03613040224794036,0.19426379406467098
10-6,0.01,1e-07,136,723,0.03181817967203239,0.17107809265181265
10-6,0.03,0.001,136,723,0.04014097038278357,0.21582757785215775
10-6,0.03,0.0001,136,723,0.03254313257974418,0.17497597625144334
10-6,0.03,1e-05,136,723,0.02841583010584699,0.15278454222506252
10-6,0.03,1e-06,136,723,0.025740392642741607,0.13839940948286508
10-6,0.03,1e-07,136,723,0.02412744040320707,0.12972698398516808
10-6,0.05,0.001,136,723,0.06323986328565201,0.3400243289210038
10-6,0.05,0.0001,136,723,0.044117883959854484,0.2372104098186394
10-6,0.05,1e-05,136,723,0.03243437637243135,0.17439122235593757
10-6,0.05,1e-06,136,723,0.024268772676691957,0.1304868909323022
10-6,0.05,1e-07,136,723,0.020968940565216518,0.11274455024778364
10-6,0.07,0.001,136,723,0.07830379373232457,0.42101917259905186
10-6,0.07,0.0001,136,723,0.06522868840258159,0.3507177253104082
10-6,0.07,1e-05,136,723,0.04946281825809275,0.2659487340885095
10-6,0.07,1e-06,136,723,0.03572156991120148,0.19206560871577277
10-6,0.07,1e-07,136,723,0.029221828063050584,0.1571181840179288
10-6,0.09,0.001,136,723,0.07831874303053833,0.4210995510949701
10-6,0.09,0.0001,136,723,0.07464568478647698,0.40135047037853405
10-6,0.09,1e-05,136,723,0.06659329037765159,0.35805483590347814
10-6,0.09,1e-06,136,723,0.055820983651540944,0.3001349389401964
10-6,0.09,1e-07,136,723,0.04416450069233479,0.23746105588829497
10-6,0.01,0.001,136,724,0.07287244309227141,0.3918162100914187
10-6,0.01,0.0001,136,724,0.06385525693042138,0.34333314080346766
10-6,0.01,1e-05,136,724,0.04746541909509312,0.25520923727905936
10-6,0.01,1e-06,136,724,0.03541899229019571,0.19043872739149986
10-6,0.01,1e-07,136,724,0.030444816131212263,0.16369387339405395
10-6,0.03,0.001,136,724,0.0412747096492185,0.22192339958883112
10-6,0.03,0.0001,136,724,0.032425650809342246,0.1743443072682115
10-6,0.03,1e-05,136,724,0.02885383509010825,0.15513958132697783
10-6,0.03,1e-06,136,724,0.025648512188010123,0.13790539212833805
10-6,0.03,1e-07,136,724,0.023785165348617434,0.12788665986527636
10-6,0.05,0.001,136,724,0.06478666530126675,0.34834108183612894
10-6,0.05,0.0001,136,724,0.04656631078679001,0.2503749652981548
10-6,0.05,1e-05,136,724,0.033679080254377304,0.1810836720257341
10-6,0.05,1e-06,136,724,0.0263691932814497,0.14178030729151558
10-6,0.05,1e-07,136,724,0.021795223301683753,0.11718725803317549
10-6,0.07,0.001,136,724,0.07928298804652238,0.4262840462447214
10-6,0.07,0.0001,136,724,0.06674198121821225,0.35885430795562295
10-6,0.07,1e-05,136,724,0.05060968717733823,0.2721151505601162
10-6,0.07,1e-06,136,724,0.03750938213324004,0.20167821094879107
10-6,0.07,1e-07,136,724,0.03126640490777257,0.1681113429754964
10-6,0.09,0.001,136,724,0.07898361771689294,0.4246744096936221
10-6,0.09,0.0001,136,724,0.07512918670292691,0.4039501346746175
10-6,0.09,1e-05,136,724,0.06732232195121249,0.36197464943062896
10-6,0.09,1e-06,136,724,0.05547312966624813,0.2982646183581068
10-6,0.09,1e-07,136,724,0.043879802504887114,0.23593030763707468
10-6,0.01,0.001,136,725,0.07063276667135668,0.37977405135711123
10-6,0.01,0.0001,136,725,0.06033568686992094,0.3244093262071822
10-6,0.01,1e-05,136,725,0.04301878120502753,0.23130081961384757
10-6,0.01,1e-06,136,725,0.03511730768785409,0.18881664759677197
10-6,0.01,1e-07,136,725,0.03061739250528225,0.16462177175961037
10-6,0.03,0.001,136,725,0.04077524086184536,0.21923788557251492
10-6,0.03,0.0001,136,725,0.03202150251363426,0.17217130679204107
10-6,0.03,1e-05,136,725,0.028110371440738892,0.15114217027452018
10-6,0.03,1e-06,136,725,0.025301357331285888,0.13603883057908014
10-6,0.03,1e-07,136,725,0.02389825901889849,0.12849473517323254
10-6,0.05,0.001,136,725,0.06883190156805408,0.3700912671698366
10-6,0.05,0.0001,136,725,0.04911077379618784,0.2640558824014514
10-6,0.05,1e-05,136,725,0.03366361035102261,0.18100049437111312
10-6,0.05,1e-06,136,725,0.02644885225611191,0.1422086129201933
10-6,0.05,1e-07,136,725,0.02169460021137315,0.1166462337965753
10-6,0.07,0.001,136,725,0.08496028071422727,0.4568093751927754
10-6,0.07,0.0001,136,725,0.07571956873975146,0.4071244656337394
10-6,0.07,1e-05,136,725,0.05851809615216282,0.3146366127326582
10-6,0.07,1e-06,136,725,0.041428884371541935,0.2227523570496943
10-6,0.07,1e-07,136,725,0.03139623930277671,0.16880942881468836
10-6,0.09,0.001,136,725,0.08549973531864005,0.4597098825676928
10-6,0.09,0.0001,136,725,0.08409471128960212,0.45215543308329775
10-6,0.09,1e-05,136,725,0.07547135538908832,0.405789886879082
10-6,0.09,1e-06,136,725,0.06361133219260225,0.3420216208068234
10-6,0.09,1e-07,136,725,0.05302536216551457,0.2851036079044298
10-6,0.01,0.001,146,721,0.0711831501471014,0.38273332043623604
10-6,0.01,0.0001,146,721,0.062190008482632675,0.33437953216917193
10-6,0.01,1e-05,146,721,0.045492706012497976,0.24460247111586805
10-6,0.01,1e-06,146,721,0.03666676184549821,0.19714766039113923
10-6,0.01,1e-07,146,721,0.03128779063207766,0.16822632846372368
10-6,0.03,0.001,146,721,0.037324579646363945,0.20068457594836198
10-6,0.03,0.0001,146,721,0.029766432450650696,0.16004638044025055
10-6,0.03,1e-05,146,721,0.02730277810928909,0.14679995056846337
10-6,0.03,1e-06,146,721,0.025143244463819343,0.13518869873405628
10-6,0.03,1e-07,146,721,0.023473564731073756,0.12621126423083168
10-6,0.05,0.001,146,721,0.0630532122123144,0.3390207545510319
10-6,0.05,0.0001,146,721,0.042626958754029644,0.22919409200510896
10-6,0.05,1e-05,146,721,0.030176314072570164,0.16225020752318858
10-6,0.05,1e-06,146,721,0.024412993379720783,0.13126232821530812
10-6,0.05,1e-07,146,721,0.020701183600908186,0.11130489055573743
10-6,0.07,0.001,146,721,0.08013475624742018,0.43086378275677417
10-6,0.07,0.0001,146,721,0.06880183707134331,0.369929618175242
10-6,0.07,1e-05,146,721,0.05269897568019169,0.28334871249708987
10-6,0.07,1e-06,146,721,0.03628971347404327,0.19512036917300957
10-6,0.07,1e-07,146,721,0.02716370599205258,0.1460521958947796
10-6,0.09,0.001,146,721,0.08205837177402787,0.4412065641062905
10-6,0.09,0.0001,146,721,0.07873799415784234,0.4233537555762006
10-6,0.09,1e-05,146,721,0.07151618269267346,0.3845239499843344
10-6,0.09,1e-06,146,721,0.0608382195495403,0.32711131397677334
10-6,0.09,1e-07,146,721,0.04874978685912109,0.26211494934675866
10-6,0.01,0.001,146,722,0.07238857321772177,0.38921456738014865
10-6,0.01,0.0001,146,722,0.06648834219046033,0.3574905567436704
10-6,0.01,1e-05,146,722,0.050561956474881826,0.27185851496306634
10-6,0.01,1e-06,146,722,0.0372756157915567,0.20042131001122646
10-6,0.01,1e-07,146,722,0.03202505837733227,0.17219042574810506
10-6,0.03,0.001,146,722,0.04025264903414592,0.21642804497070228
10-6,0.03,0.0001,146,722,0.03240461202929554,0.17423118720920086
10-6,0.03,1e-05,146,722,0.029256134951576914,0.15730264325206475
10-6,0.03,1e-06,146,722,0.02584888678746952,0.13898275433587867
10-6,0.03,1e-07,146,722,0.023656027938676473,0.12719232153384397
10-6,0.05,0.001,146,722,0.06254059466143651,0.3362645430465404
10-6,0.05,0.0001,146,722,0.045426974319498006,0.2442490488654087
10-6,0.05,1e-05,146,722,0.03271034412641214,0.17587502933267474
10-6,0.05,1e-06,146,722,0.025337146736387695,0.13623126092000698
10-6,0.05,1e-07,146,722,0.021515286658449134,0.11568211136917494
10-6,0.07,0.001,146,722,0.07580381195897237,0.40757741955541926
10-6,0.07,0.0001,146,722,0.0656841521312444,0.353166635548985
10-6,0.07,1e-05,146,722,0.05179716238863013,0.2784998965233711
10-6,0.07,1e-06,146,722,0.038599549350156415,0.20753975708574757
10-6,0.07,1e-07,146,722,0.030504378202198413,0.1640141231884713
10-6,0.09,0.001,146,722,0.076101993643622,0.40918066507101364
10-6,0.09,0.0001,146,722,0.0742476533636574,0.399210358740051
10-6,0.09,1e-05,146,722,0.06828885548817688,0.36717144936363144
10-6,0.09,1e-06,146,722,0.05873339638999265,0.31579422622328107
10-6,0.09,1e-07,146,722,0.046769590064458175,0.25146794520642013
10-6,0.01,0.001,146,723,0.07010117760724223,0.3769158349506208
10-6,0.01,0.0001,146,723,0.06201480580614134,0.3334375128572382
10-6,0.01,1e-05,146,723,0.04490575791446985,0.24144660355426387
10-6,0.01,1e-06,146,723,0.03613018299457924,0.1942626151962626
10-6,0.01,1e-07,146,723,0.03181712809903443,0.1710724386167726
10-6,0.03,0.001,146,723,0.040140969795479646,0.21582757469437702
10-6,0.03,0.0001,146,723,0.03254313178055435,0.17497597195440712
10-6,0.03,1e-05,146,723,0.028415833109785658,0.15278455837646096
10-6,0.03,1e-06,146,723,0.025740403400972313,0.13839946732707895
10-6,0.03,1e-07,146,723,0.024127733504682836,0.12972855991571924
10-6,0.05,0.001,146,723,0.0632398650799963,0.34002433856872727
10-6,0.05,0.0001,146,723,0.044117882591162866,0.23721040245953984
10-6,0.05,1e-05,146,723,0.03243447822609997,0.17439176999667427
10-6,0.05,1e-06,146,723,0.024268852093457405,0.1304873179356348
10-6,0.05,1e-07,146,723,0.02096645877075173,0.11273120628317705
10-6,0.07,0.001,146,723,0.07830379169083515,0.4210191616224932
10-6,0.07,0.0001,146,723,0.06522867560294397,0.3507176564900793
10-6,0.07,1e-05,146,723,0.049462816477210084,0.2659487245131657
10-6,0.07,1e-06,146,723,0.03572612996068088,0.19209012691811417
10-6,0.07,1e-07,146,723,0.02925092858958508,0.15727464999511545
10-6,0.09,0.001,146,723,0.07831873393226502,0.42109950217591624
10-6,0.09,0.0001,146,723,0.07464570981297503,0.4013506049395176
10-6,0.09,1e-05,146,723,0.06659339347137859,0.35805539021168686
10-6,0.09,1e-06,146,723,0.05582584386853994,0.30016107106537243
10-6,0.09,1e-07,146,723,0.04418148079686755,0.23755235350262854
10-6,0.01,0.001,146,724,0.0728724433389705,0.3918162114178557
10-6,0.01,0.0001,146,724,0.06385525708933029,0.34333314165787965
10-6,0.01,1e-05,146,724,0.047465425308568614,0.2552092706873042
10-6,0.01,1e-06,146,724,0.035419436646189975,0.19044111657833396
10-6,0.01,1e-07,146,724,0.030446738132231414,0.16370420749461598
10-6,0.03,0.001,146,724,0.04127471164387879,0.22192341031360172
10-6,0.03,0.0001,146,724,0.03242565159334467,0.17434431148358903
10-6,0.03,1e-05,146,724,0.02885385059037649,0.15513966466789655
10-6,0.03,1e-06,146,724,0.02564873411530655,0.1379065853738025
10-6,0.03,1e-07,146,724,0.023788006758040367,0.12790193738616312
10-6,0.05,0.001,146,724,0.06478666478636579,0.34834107906764006
10-6,0.05,0.0001,146,724,0.046566296925821524,0.2503748907713253
10-6,0.05,1e-05,146,724,0.03367927148266658,0.18108470021060602
10-6,0.05,1e-06,146,724,0.026369855649107772,0.14178386867047396
10-6,0.05,1e-07,146,724,0.021791778334018682,0.11716873533629395
10-6,0.07,0.001,146,724,0.07928298379588479,0.4262840233901464
10-6,0.07,0.0001,146,724,0.06674195852536322,0.35885418594206436
10-6,0.07,1e-05,146,724,0.05060979033845231,0.2721157052306478
10-6,0.07,1e-06,146,724,0.037507059577665695,0.20166572317036277
10-6,0.07,1e-07,146,724,0.0312665702929123,0.16811223220846164
10-6,0.09,0.001,146,724,0.07898360526477155,0.4246743427417977
10-6,0.09,0.0001,146,724,0.07512914275772355,0.4039498983926664
10-6,0.09,1e-05,146,724,0.0673223207091167,0.36197464275220237
10-6,0.09,1e-06,146,724,0.05547268747694191,0.2982622408209919
10-6,0.09,1e-07,146,724,0.043886659083254266,0.23596717367910666
10-6,0.01,0.001,146,725,0.07063276622760548,0.37977404897117617
10-6,0.01,0.0001,146,725,0.06033567951030603,0.32440928663644325
10-6,0.01,1e-05,146,725,0.043018720780728464,0.2313004947280766
10-6,0.01,1e-06,146,725,0.03511722205317928,0.1888161871613548
10-6,0.01,1e-07,146,725,0.030616356002557948,0.16461619875351982
10-6,0.03,0.001,146,725,0.040775241709252785,0.21923789012880465
10-6,0.03,0.0001,146,725,0.032021509173860145,0.17217134260234676
10-6,0.03,1e-05,146,725,0.028110364051765292,0.15114213054592718
10-6,0.03,1e-06,146,725,0.025301689069394027,0.13604061424877417
10-6,0.03,1e-07,146,725,0.023899709916632195,0.1285025362737189
10-6,0.05,0.001,146,725,0.06883190156567794,0.3700912671570607
10-6,0.05,0.0001,146,725,0.04911075468513195,0.26405577964626475
10-6,0.05,1e-05,146,725,0.03366352365850056,0.18100002824792594
10-6,0.05,1e-06,146,725,0.02644796846432653,0.14220386100118024
10-6,0.05,1e-07,146,725,0.021693736746662858,0.11664159117096844
10-6,0.07,0.001,146,725,0.08496027518316511,0.4568093454536899
10-6,0.07,0.0001,146,725,0.0757195918808704,0.4071245900575289
10-6,0.07,1e-05,146,725,0.058518245159876275,0.3146374139084536
10-6,0.07,1e-06,146,725,0.04143104942802886,0.22276399799641355
10-6,0.07,1e-07,146,725,0.031408783368592645,0.16887687500035983
10-6,0.09,0.001,146,725,0.08549973041277653,0.4597098561901381
10-6,0.09,0.0001,146,725,0.08409475177073882,0.4521556507398615
10-6,0.09,1e-05,146,725,0.07547201501879693,0.4057934335367968
10-6,0.09,1e-06,146,725,0.06361860660270047,0.34206073342161153
10-6,0.09,1e-07,146,725,0.05309751890068521,0.2854915759388119
10-6,0.01,0.001,156,721,0.07118315246909633,0.382733332921
10-6,0.01,0.0001,156,721,0.062190001591191806,0.33437949511568327
10-6,0.01,1e-05,156,721,0.04549272800527884,0.24460258936534182
10-6,0.01,1e-06,156,721,0.03666646752139317,0.19714607788682784
10-6,0.01,1e-07,156,721,0.03128720284905641,0.16822316810699667
10-6,0.03,0.001,156,721,0.037324583372342714,0.2006845959819826
10-6,0.03,0.0001,156,721,0.029766434186718004,0.16004638977463378
10-6,0.03,1e-05,156,721,0.027302763912813638,0.14679987423770002
10-6,0.03,1e-06,156,721,0.025143312056521774,0.13518906216247137
10-6,0.03,1e-07,156,721,0.023474505843540917,0.1262163243482712
10-6,0.05,0.001,156,721,0.0630532101515475,0.3390207434708232
10-6,0.05,0.0001,156,721,0.04262693876253109,0.22919398451601067
10-6,0.05,1e-05,156,721,0.030176242527010934,0.16224982284128858
10-6,0.05,1e-06,156,721,0.02441363690736403,0.13126578829639732
10-6,0.05,1e-07,156,721,0.02069930450104482,0.11129478712355367
10-6,0.07,0.001,156,721,0.08013475743024415,0.4308637891165116
10-6,0.07,0.0001,156,721,0.06880178675912899,0.36992934765952573
10-6,0.07,1e-05,156,721,0.05269952484578533,0.28335166521793304
10-6,0.07,1e-06,156,721,0.03629297649523447,0.19513791359093122
10-6,0.07,1e-07,156,721,0.02714849249597796,0.14597039687554472
10-6,0.09,0.001,156,721,0.08205836452871673,0.4412065251501332
10-6,0.09,0.0001,156,721,0.07873796188805053,0.4233535820699067
10-6,0.09,1e-05,156,721,0.07151706783758387,0.3845287091787495
10-6,0.09,1e-06,156,721,0.060841482353436345,0.3271288572263554
10-6,0.09,1e-07,156,721,0.048676754098140894,0.2617222711489996
10-6,0.01,0.001,156,722,0.07238857319257914,0.3892145672449633
10-6,0.01,0.0001,156,722,0.06648834506566174,0.35749057220288205
10-6,0.01,1e-05,156,722,0.05056197048013951,0.27185859026570136
10-6,0.01,1e-06,156,722,0.037275453381850204,0.20042043677639335
10-6,0.01,1e-07,156,722,0.03202338199259753,0.17218141226254657
10-6,0.03,0.001,156,722,0.04025264968378587,0.2164280484636477
10-6,0.03,0.0001,156,722,0.032404616896594504,0.17423121337940392
10-6,0.03,1e-05,156,722,0.029256135618901287,0.15730264684009465
10-6,0.03,1e-06,156,722,0.02584847274409503,0.13898052813213246
10-6,0.03,1e-07,156,722,0.023655647598940014,0.1271902765458106
10-6,0.05,0.001,156,722,0.06254059547103479,0.3362645473995402
10-6,0.05,0.0001,156,722,0.045426979328962974,0.24424907580000146
10-6,0.05,1e-05,156,722,0.03271047782449076,0.1758757481925378
10-6,0.05,1e-06,156,722,0.0253363931816105,0.13622720925157966
10-6,0.05,1e-07,156,722,0.021509665775499686,0.11565188934063898
10-6,0.07,0.001,156,722,0.07580381361918283,0.40757742848193995
10-6,0.07,0.0001,156,722,0.0656841449467706,0.35316659691993435
10-6,0.07,1e-05,156,722,0.051796683625925266,0.2784973223405855
10-6,0.07,1e-06,156,722,0.03860000328465925,0.2075421977737358
10-6,0.07,1e-07,156,722,0.03049254675566328,0.16395050857168914
10-6,0.09,0.001,156,722,0.07610199463550499,0.409180670404111
10-6,0.09,0.0001,156,722,0.07424759321376105,0.3992100353296722
10-6,0.09,1e-05,156,722,0.06828835849962939,0.3671687771852211
10-6,0.09,1e-06,156,722,0.0587363446591066,0.3158100783009875
10-6,0.09,1e-07,156,722,0.046795048907395505,0.25160483079622237
10-6,0.01,0.001,156,723,0.07010117794460623,0.3769158367645395
10-6,0.01,0.0001,156,723,0.06201480730776206,0.33343752093106305
10-6,0.01,1e-05,156,723,0.044905790428198124,0.2414467783721408
10-6,0.01,1e-06,156,723,0.0361304342410792,0.19426396608347365
10-6,0.01,1e-07,156,723,0.03181704605781101,0.17107199750241076
10-6,0.03,0.001,156,723,0.040140970407966915,0.21582757798756208
10-6,0.03,0.0001,156,723,0.03254312888549037,0.1749759563883996
10-6,0.03,1e-05,156,723,0.028415808794845718,0.15278442764134062
10-6,0.03,1e-06,156,723,0.02573997659754343,0.13839717251583258
10-6,0.03,1e-07,156,723,0.024126413077742947,0.12972146032282328
10-6,0.05,0.001,156,723,0.06323986269246698,0.3400243257316019
10-6,0.05,0.0001,156,723,0.044117864521244776,0.2372103053022809
10-6,0.05,1e-05,156,723,0.03243427209827881,0.1743906617008871
10-6,0.05,1e-06,156,723,0.024268197227700905,0.13048379689245385
10-6,0.05,1e-07,156,723,0.02096763668159882,0.11273753960403674
10-6,0.07,0.001,156,723,0.07830379056928403,0.421019155592204
10-6,0.07,0.0001,156,723,0.06522866548329995,0.35071760207938024
10-6,0.07,1e-05,156,723,0.049462810392668824,0.26594869179816677
10-6,0.07,1e-06,156,723,0.035723660264811205,0.19207684800451294
10-6,0.07,1e-07,156,723,0.029225204805654863,0.1571363398863685
10-6,0.09,0.001,156,723,0.07831873811251258,0.4210995246520223
10-6,0.09,0.0001,156,723,0.07464565175595803,0.4013502927820078
10-6,0.09,1e-05,156,723,0.06659328575137588,0.35805481102919456
10-6,0.09,1e-06,156,723,0.05582271124610255,0.3001442277677007
10-6,0.09,1e-07,156,723,0.04414677321649779,0.2373657398524631
10-6,0.01,0.001,156,724,0.07287244333571286,0.3918162114003402
10-6,0.01,0.0001,156,724,0.06385526134989551,0.34333316456583285
10-6,0.01,1e-05,156,724,0.04746543302833876,0.2552093121945044
10-6,0.01,1e-06,156,724,0.03541932201741326,0.1904405002491572
10-6,0.01,1e-07,156,724,0.030446058213714485,0.16370055174924544
10-6,0.03,0.001,156,724,0.04127471232202666,0.2219234139598268
10-6,0.03,0.0001,156,724,0.032425648352343316,0.17434429405756605
10-6,0.03,1e-05,156,724,0.028853826931582827,0.15513953746070444
10-6,0.03,1e-06,156,724,0.02564847831800218,0.1379052100180974
10-6,0.03,1e-07,156,724,0.02378750964086252,0.1278992645161408
10-6,0.05,0.001,156,724,0.0647866662034923,0.34834108668716146
10-6,0.05,0.0001,156,724,0.04656631352967314,0.25037498004592534
10-6,0.05,1e-05,156,724,0.03367921492463767,0.18108439611276606
10-6,0.05,1e-06,156,724,0.026370054433867467,0.14178493748452578
10-6,0.05,1e-07,156,724,0.02179698584895549,0.11719673479232907
10-6,0.07,0.001,156,724,0.07928298532166173,0.426284031593853
10-6,0.07,0.0001,156,724,0.06674196151984915,0.35885420204263796
10-6,0.07,1e-05,156,724,0.05060935688733234,0.2721133746764921
10-6,0.07,1e-06,156,724,0.03750585732093912,0.20165925894802886
10-6,0.07,1e-07,156,724,0.031251243644101416,0.16802982479633632
10-6,0.09,0.001,156,724,0.07898360983408698,0.4246743673098206
10-6,0.09,0.0001,156,724,0.07512921533537255,0.4039502886238452
10-6,0.09,1e-05,156,724,0.06732274077472021,0.3619769013359107
10-6,0.09,1e-06,156,724,0.05547271780964605,0.29826240391206826
10-6,0.09,1e-07,156,724,0.04384088755672704,0.23572107206246004
10-6,0.01,0.001,156,725,0.07063276578587684,0.37977404659611597
10-6,0.01,0.0001,156,725,0.060335682867711966,0.32440930468834345
10-6,0.01,1e-05,156,725,0.043018816482121434,0.2313010092896242
10-6,0.01,1e-06,156,725,0.03511735257953557,0.18881688896769022
10-6,0.01,1e-07,156,725,0.030617288889233145,0.16462121464301124
10-6,0.03,0.001,156,725,0.040775241424034915,0.21923788859526222
10-6,0.03,0.0001,156,725,0.032021494344441105,0.17217126286841006
10-6,0.03,1e-05,156,725,0.028110330822513255,0.1511419518808647
10-6,0.03,1e-06,156,725,0.025301695368251356,0.13604064811609495
10-6,0.03,1e-07,156,725,0.0238989800274653,0.12849861184913502
10-6,0.05,0.001,156,725,0.06883190182354867,0.3700912685435647
10-6,0.05,0.0001,156,725,0.04911075941356799,0.2640558050698379
10-6,0.05,1e-05,156,725,0.033663717617359874,0.18100107111436414
10-6,0.05,1e-06,156,725,0.026448867380850206,0.14220869424198498
10-6,0.05,1e-07,156,725,0.02169785134452993,0.11666371429562182
10-6,0.07,0.001,156,725,0.08496027456157987,0.4568093421115874
10-6,0.07,0.0001,156,725,0.07571953642478058,0.40712429188452937
10-6,0.07,1e-05,156,725,0.05851788064323731,0.31463545399710807
10-6,0.07,1e-06,156,725,0.041427329773220264,0.22274399837806527
10-6,0.07,1e-07,156,725,0.031363670609382846,0.16863431540457452
10-6,0.09,0.001,156,725,0.08549972832930332,0.45970984498784345
10-6,0.09,0.0001,156,725,0.08409467662452773,0.4521552466981912
10-6,0.09,1e-05,156,725,0.07547198543566634,0.4057932744759829
10-6,0.09,1e-06,156,725,0.06361331189679133,0.3420322651623514
10-6,0.09,1e-07,156,725,0.05300663730566077,0.2850029291936431
